sample	hospital_unit	seq	Mean_Sample_Cov
150410886600.1.1	CRI	seq1	38045
150410886601.1.1	CRI	seq1	38045
150410886602.1.1	CRI	seq1	38045
150410886603.1.1	CRI	seq1	38045
150410886604.1.1	CRI	seq1	38045
150410886605.1.1	CRI	seq1	38045
150410886606.1.1	CRI	seq1	38045
150410886607.1.1	CRI	seq1	38045
150410886608.1.1	CRI	seq1	38045
150410886609.1.1	CRI	seq1	38045
150410886610.1.1	CRI	seq1	38045
150410886611.1.1	CRI	seq1	38045
150410886612.1.1	CRI	seq1	38045
150410886613.1.1	CRI	seq1	38045
150410886614.1.1	CRI	seq1	38045
150410886615.1.1	CRI	seq1	38045
150410886616.1.1	CRI	seq1	38045
150410886617.1.1	CRI	seq1	38045
150410886618.1.1	CRI	seq1	38045
150410886619.1.1	CRI	seq1	38045
150410886620.1.1	CRI	seq1	38045
150410886621.1.1	CRI	seq1	38045
150410886622.1.1	CRI	seq1	38045
150410886623.1.1	CRI	seq1	38045
150410886624.1.1	CRI	seq1	38045
150410886625.1.1	CRI	seq1	38045
150410886626.1.1	CRI	seq1	38045
150410886627.1.1	CRI	seq1	38045
150410886628.1.1	CMI	seq1	38045
150410886629.1.1	CMI	seq1	38045
150410886630.1.1	CMI	seq1	38045
150410886631.1.1	CMI	seq1	38045
150410886632.1.1	CMI	seq1	38045
150410886633.1.1	CMI	seq1	38045
150410886634.1.1	CMI	seq1	38045
150410886635.1.1	CMI	seq1	38045
150410886636.1.1	CMI	seq1	38045
150410886637.1.1	CMI	seq1	38045
150410886638.1.1	CMI	seq1	38045
150410886639.1.1	CMI	seq1	38045
150410886640.1.1	CMI	seq1	38045
150410886641.1.1	CMI	seq1	38045
150410886642.1.1	CMI	seq1	38045
150410886643.1.1	CMI	seq1	38045
150410886644.1.1	CMI	seq1	38045
150410886645.1.1	CMI	seq1	38045
150410886646.1.1	CMI	seq1	38045
150410886647.1.1	CMI	seq1	38045
150410886648.1.1	CMI	seq1	38045
150410886649.1.1	CMI	seq1	38045
150410886650.1.1	CMI	seq1	38045
150410886651.1.1	CMI	seq1	38045
150410886652.1.1	CMI	seq1	38045
150410886653.1.1	CMI	seq1	38045
150410886654.1.1	CMI	seq1	38045
150410886655.1.1	CMI	seq1	38045
150410886656.1.1	CMI	seq1	38045
150410886657.1.1	CC	seq1	38045
150410886658.1.1	CC	seq1	38045
150410886659.1.1	CC	seq1	38045
150410886660.1.1	CC	seq1	38045
150410886661.1.1	CC	seq1	38045
150410886662.1.1	CC	seq1	38045
150410886663.1.1	CC	seq1	38045
150410886664.1.1	CC	seq1	38045
150410886665.1.1	CC	seq1	38045
150410886666.1.1	CC	seq1	38045
150410886667.1.1	CC	seq1	38045
150410886668.1.1	CC	seq1	38045
150410886669.1.1	CC	seq1	38045
150410886670.1.1	CC	seq1	38045
150410886671.1.1	CC	seq1	38045
150410886672.1.1	CC	seq1	38045
150410886673.1.1	CC	seq1	38045
150410886674.1.1	CC	seq1	38045
150410886675.1.1	CC	seq1	38045
150410886676.1.1	CC	seq1	38045
150410886677.1.1	CC	seq1	38045
150410886678.1.1	CC	seq1	38045
150410886679.1.1	CC	seq1	38045
150410886680.1.1	CC	seq1	38045
150410886681.1.1	CC	seq1	38045
150410886682.1.1	CC	seq1	38045
150410886683.1.1	UTI	seq1	38045
150410886684.1.1	UTI	seq1	38045
150410886685.1.1	UTI	seq1	38045
150410886686.1.1	UTI	seq1	38045
150410886687.1.1	UTI	seq1	38045
150410886688.1.1	UTI	seq1	38045
150410886689.1.1	UTI	seq1	38045
150410886690.1.1	UTI	seq1	38045
150410886691.1.1	UTI	seq1	38045
150410886692.1.1	UTI	seq1	38045
150410886693.1.1	UTI	seq1	38045
150410886694.1.1	UTI	seq1	38045
150410886695.1.1	UTI	seq1	38045
150410886696.1.1	UTI	seq1	38045
150410886697.1.1	UTI	seq1	38045
150410886698.1.1	UTI	seq1	38045
150410886699.1.1	UTI	seq1	38045
150410886700.1.1	UTI	seq1	38045
150410886701.1.1	UTI	seq1	38045
150410886702.1.1	UTI	seq1	38045
150410886703.1.1	UTI	seq1	38045
150410886704.1.1	UTI	seq1	38045
150410886705.1.1	UTI	seq1	38045
150410886706.1.1	UTI	seq1	38045
150410886707.1.1	UTI	seq1	38045
150410886708.1.1	UTI	seq1	38045
150410886709.1.1	UTI	seq1	38045
150410886710.1.1	UTI	seq1	38045
150410886711.1.1	UTI	seq1	38045
150410886712.1.1	UTI	seq1	38045
150410886713.1.1	UTI	seq1	38045
150410886714.1.1	UTI	seq1	38045
150410886715.1.1	UTI	seq1	38045
150410886716.1.1	UTI	seq1	38045
150410886717.1.1	UTI	seq1	38045
150410886718.1.1	UTI	seq1	38045
150410886719.1.1	UTI	seq1	38045
150410886720.1.1	UTI	seq1	38045
150410886721.1.1	UTI	seq1	38045
150410886722.1.1	UTI	seq1	38045
150410886723.1.1	UTI	seq1	38045
150410886724.1.1	UTI	seq1	38045
150410886725.1.1	UTI	seq1	38045
150410886726.1.1	UTI	seq1	38045
150410886727.1.1	UTI	seq1	38045
150410886728.1.1	UTI	seq1	38045
150410886729.1.1	UTI	seq1	38045
150410886730.1.1	UTI	seq1	38045
150410886731.1.1	UTI	seq1	38045
150410886732.1.1	UTI	seq1	38045
150410886733.1.1	UTI	seq1	38045
150410886734.1.1	UTI	seq1	38045
150410886735.1.1	UTI	seq1	38045
150410886736.1.1	UTI	seq1	38045
150410886737.1.1	UTI	seq1	38045
150410886738.1.1	UTI	seq1	38045
150410886739.1.1	UTI	seq1	38045
150410886740.1.1	UTI	seq1	38045
150410886741.1.1	UTI	seq1	38045
150410886742.1.1	UTI	seq1	38045
150410886743.1.1	UTI	seq1	38045
150410886744.1.1	UTI	seq1	38045
150410886745.1.1	UTI	seq1	38045
150410886746.1.1	UTI	seq1	38045
150410886747.1.1	UTI	seq1	38045
150410886748.1.1	UTI	seq1	38045
150410886749.1.1	EMG	seq1	38045
150410886750.1.1	EMG	seq1	38045
150410886751.1.1	EMG	seq1	38045
150410886752.1.1	EMG	seq1	38045
150410886753.1.1	EMG	seq1	38045
150410886754.1.1	EMG	seq1	38045
150410886755.1.1	EMG	seq1	38045
150410886756.1.1	EMG	seq1	38045
150410886757.1.1	EMG	seq1	38045
150410886758.1.1	EMG	seq1	38045
150410886759.1.1	EMG	seq1	38045
150410886760.1.1	EMG	seq1	38045
150410886761.1.1	EMG	seq1	38045
150410886762.1.1	EMG	seq1	38045
150410886763.1.1	EMG	seq1	38045
150410886764.1.1	EMG	seq1	38045
150410886765.1.1	EMG	seq1	38045
150410886766.1.1	EMG	seq1	38045
150410886767.1.1	EMG	seq1	38045
150410886768.1.1	EMG	seq1	38045
150410886769.1.1	EMG	seq1	38045
150410886770.1.1	EMG	seq1	38045
150410886771.1.1	EMG	seq1	38045
150410886772.1.1	EMG	seq1	38045
150410886773.1.1	EMG	seq1	38045
150410886774.1.1	EMG	seq1	38045
150410886775.1.1	EMG	seq1	38045
150410886776.1.1	EMG	seq1	38045
150410886777.1.1	EMG	seq1	38045
150410886778.1.1	EMG	seq1	38045
150410886779.1.1	EMG	seq1	38045
150410886780.1.1	EMG	seq1	38045
150410886781.1.1	EMG	seq1	38045
150410886782.1.1	EMG	seq1	38045
150410886783.1.1	EMG	seq1	38045
150410886784.1.1	EMG	seq1	38045
150410886785.1.1	EMG	seq1	38045
150410886786.1.1	EMG	seq1	38045
150410886787.1.1	EMG	seq1	38045
150410886788.1.1	EMG	seq1	38045
150410886789.1.1	EMG	seq1	38045
150410886600.1.2	CRI	seq2	29844
150410886601.1.2	CRI	seq2	29844
150410886602.1.2	CRI	seq2	29844
150410886603.1.2	CRI	seq2	29844
150410886604.1.2	CRI	seq2	29844
150410886605.1.2	CRI	seq2	29844
150410886606.1.2	CRI	seq2	29844
150410886607.1.2	CRI	seq2	29844
150410886608.1.2	CRI	seq2	29844
150410886609.1.2	CRI	seq2	29844
150410886610.1.2	CRI	seq2	29844
150410886611.1.2	CRI	seq2	29844
150410886612.1.2	CRI	seq2	29844
150410886613.1.2	CRI	seq2	29844
150410886614.1.2	CRI	seq2	29844
150410886615.1.2	CRI	seq2	29844
150410886616.1.2	CRI	seq2	29844
150410886617.1.2	CRI	seq2	29844
150410886618.1.2	CRI	seq2	29844
150410886619.1.2	CRI	seq2	29844
150410886620.1.2	CRI	seq2	29844
150410886621.1.2	CRI	seq2	29844
150410886622.1.2	CRI	seq2	29844
150410886623.1.2	CRI	seq2	29844
150410886624.1.2	CRI	seq2	29844
150410886625.1.2	CRI	seq2	29844
150410886626.1.2	CRI	seq2	29844
150410886627.1.2	CRI	seq2	29844
150410886628.1.2	CMI	seq2	29844
150410886629.1.2	CMI	seq2	29844
150410886630.1.2	CMI	seq2	29844
150410886631.1.2	CMI	seq2	29844
150410886632.1.2	CMI	seq2	29844
150410886633.1.2	CMI	seq2	29844
150410886634.1.2	CMI	seq2	29844
150410886635.1.2	CMI	seq2	29844
150410886636.1.2	CMI	seq2	29844
150410886637.1.2	CMI	seq2	29844
150410886638.1.2	CMI	seq2	29844
150410886639.1.2	CMI	seq2	29844
150410886640.1.2	CMI	seq2	29844
150410886641.1.2	CMI	seq2	29844
150410886642.1.2	CMI	seq2	29844
150410886643.1.2	CMI	seq2	29844
150410886644.1.2	CMI	seq2	29844
150410886645.1.2	CMI	seq2	29844
150410886646.1.2	CMI	seq2	29844
150410886647.1.2	CMI	seq2	29844
150410886648.1.2	CMI	seq2	29844
150410886649.1.2	CMI	seq2	29844
150410886650.1.2	CMI	seq2	29844
150410886651.1.2	CMI	seq2	29844
150410886652.1.2	CMI	seq2	29844
150410886653.1.2	CMI	seq2	29844
150410886654.1.2	CMI	seq2	29844
150410886655.1.2	CMI	seq2	29844
150410886656.1.2	CMI	seq2	29844
150410886657.1.2	CC	seq2	29844
150410886658.1.2	CC	seq2	29844
150410886659.1.2	CC	seq2	29844
150410886660.1.2	CC	seq2	29844
150410886661.1.2	CC	seq2	29844
150410886662.1.2	CC	seq2	29844
150410886663.1.2	CC	seq2	29844
150410886664.1.2	CC	seq2	29844
150410886665.1.2	CC	seq2	29844
150410886666.1.2	CC	seq2	29844
150410886667.1.2	CC	seq2	29844
150410886668.1.2	CC	seq2	29844
150410886669.1.2	CC	seq2	29844
150410886670.1.2	CC	seq2	29844
150410886671.1.2	CC	seq2	29844
150410886672.1.2	CC	seq2	29844
150410886673.1.2	CC	seq2	29844
150410886674.1.2	CC	seq2	29844
150410886675.1.2	CC	seq2	29844
150410886676.1.2	CC	seq2	29844
150410886677.1.2	CC	seq2	29844
150410886678.1.2	CC	seq2	29844
150410886679.1.2	CC	seq2	29844
150410886680.1.2	CC	seq2	29844
150410886681.1.2	CC	seq2	29844
150410886682.1.2	CC	seq2	29844
150410886683.1.2	UTI	seq2	29844
150410886684.1.2	UTI	seq2	29844
150410886685.1.2	UTI	seq2	29844
150410886686.1.2	UTI	seq2	29844
150410886687.1.2	UTI	seq2	29844
150410886688.1.2	UTI	seq2	29844
150410886689.1.2	UTI	seq2	29844
150410886690.1.2	UTI	seq2	29844
150410886691.1.2	UTI	seq2	29844
150410886692.1.2	UTI	seq2	29844
150410886693.1.2	UTI	seq2	29844
150410886694.1.2	UTI	seq2	29844
150410886695.1.2	UTI	seq2	29844
150410886696.1.2	UTI	seq2	29844
150410886697.1.2	UTI	seq2	29844
150410886698.1.2	UTI	seq2	29844
150410886699.1.2	UTI	seq2	29844
150410886700.1.2	UTI	seq2	29844
150410886701.1.2	UTI	seq2	29844
150410886702.1.2	UTI	seq2	29844
150410886703.1.2	UTI	seq2	29844
150410886704.1.2	UTI	seq2	29844
150410886705.1.2	UTI	seq2	29844
150410886706.1.2	UTI	seq2	29844
150410886707.1.2	UTI	seq2	29844
150410886708.1.2	UTI	seq2	29844
150410886709.1.2	UTI	seq2	29844
150410886710.1.2	UTI	seq2	29844
150410886711.1.2	UTI	seq2	29844
150410886712.1.2	UTI	seq2	29844
150410886713.1.2	UTI	seq2	29844
150410886714.1.2	UTI	seq2	29844
150410886715.1.2	UTI	seq2	29844
150410886716.1.2	UTI	seq2	29844
150410886717.1.2	UTI	seq2	29844
150410886718.1.2	UTI	seq2	29844
150410886719.1.2	UTI	seq2	29844
150410886720.1.2	UTI	seq2	29844
150410886721.1.2	UTI	seq2	29844
150410886722.1.2	UTI	seq2	29844
150410886723.1.2	UTI	seq2	29844
150410886724.1.2	UTI	seq2	29844
150410886725.1.2	UTI	seq2	29844
150410886726.1.2	UTI	seq2	29844
150410886727.1.2	UTI	seq2	29844
150410886728.1.2	UTI	seq2	29844
150410886729.1.2	UTI	seq2	29844
150410886730.1.2	UTI	seq2	29844
150410886731.1.2	UTI	seq2	29844
150410886732.1.2	UTI	seq2	29844
150410886733.1.2	UTI	seq2	29844
150410886734.1.2	UTI	seq2	29844
150410886735.1.2	UTI	seq2	29844
150410886736.1.2	UTI	seq2	29844
150410886737.1.2	UTI	seq2	29844
150410886738.1.2	UTI	seq2	29844
150410886739.1.2	UTI	seq2	29844
150410886740.1.2	UTI	seq2	29844
150410886741.1.2	UTI	seq2	29844
150410886742.1.2	UTI	seq2	29844
150410886743.1.2	UTI	seq2	29844
150410886744.1.2	UTI	seq2	29844
150410886745.1.2	UTI	seq2	29844
150410886746.1.2	UTI	seq2	29844
150410886747.1.2	UTI	seq2	29844
150410886748.1.2	UTI	seq2	29844
150410886749.1.2	EMG	seq2	29844
150410886750.1.2	EMG	seq2	29844
150410886751.1.2	EMG	seq2	29844
150410886752.1.2	EMG	seq2	29844
150410886753.1.2	EMG	seq2	29844
150410886754.1.2	EMG	seq2	29844
150410886755.1.2	EMG	seq2	29844
150410886756.1.2	EMG	seq2	29844
150410886757.1.2	EMG	seq2	29844
150410886758.1.2	EMG	seq2	29844
150410886759.1.2	EMG	seq2	29844
150410886760.1.2	EMG	seq2	29844
150410886761.1.2	EMG	seq2	29844
150410886762.1.2	EMG	seq2	29844
150410886763.1.2	EMG	seq2	29844
150410886764.1.2	EMG	seq2	29844
150410886765.1.2	EMG	seq2	29844
150410886766.1.2	EMG	seq2	29844
150410886767.1.2	EMG	seq2	29844
150410886768.1.2	EMG	seq2	29844
150410886769.1.2	EMG	seq2	29844
150410886770.1.2	EMG	seq2	29844
150410886771.1.2	EMG	seq2	29844
150410886772.1.2	EMG	seq2	29844
150410886773.1.2	EMG	seq2	29844
150410886774.1.2	EMG	seq2	29844
150410886775.1.2	EMG	seq2	29844
150410886776.1.2	EMG	seq2	29844
150410886777.1.2	EMG	seq2	29844
150410886778.1.2	EMG	seq2	29844
150410886779.1.2	EMG	seq2	29844
150410886780.1.2	EMG	seq2	29844
150410886781.1.2	EMG	seq2	29844
150410886782.1.2	EMG	seq2	29844
150410886783.1.2	EMG	seq2	29844
150410886784.1.2	EMG	seq2	29844
150410886785.1.2	EMG	seq2	29844
150410886786.1.2	EMG	seq2	29844
150410886787.1.2	EMG	seq2	29844
150410886788.1.2	EMG	seq2	29844
150410886789.1.2	EMG	seq2	29844
150410886600.1.3	CRI	seq3	28906
150410886601.1.3	CRI	seq3	28906
150410886602.1.3	CRI	seq3	28906
150410886603.1.3	CRI	seq3	28906
150410886604.1.3	CRI	seq3	28906
150410886605.1.3	CRI	seq3	28906
150410886606.1.3	CRI	seq3	28906
150410886607.1.3	CRI	seq3	28906
150410886608.1.3	CRI	seq3	28906
150410886609.1.3	CRI	seq3	28906
150410886610.1.3	CRI	seq3	28906
150410886611.1.3	CRI	seq3	28906
150410886612.1.3	CRI	seq3	28906
150410886613.1.3	CRI	seq3	28906
150410886614.1.3	CRI	seq3	28906
150410886615.1.3	CRI	seq3	28906
150410886616.1.3	CRI	seq3	28906
150410886617.1.3	CRI	seq3	28906
150410886618.1.3	CRI	seq3	28906
150410886619.1.3	CRI	seq3	28906
150410886620.1.3	CRI	seq3	28906
150410886621.1.3	CRI	seq3	28906
150410886622.1.3	CRI	seq3	28906
150410886623.1.3	CRI	seq3	28906
150410886624.1.3	CRI	seq3	28906
150410886625.1.3	CRI	seq3	28906
150410886626.1.3	CRI	seq3	28906
150410886627.1.3	CRI	seq3	28906
150410886628.1.3	CMI	seq3	28906
150410886629.1.3	CMI	seq3	28906
150410886630.1.3	CMI	seq3	28906
150410886631.1.3	CMI	seq3	28906
150410886632.1.3	CMI	seq3	28906
150410886633.1.3	CMI	seq3	28906
150410886634.1.3	CMI	seq3	28906
150410886635.1.3	CMI	seq3	28906
150410886636.1.3	CMI	seq3	28906
150410886637.1.3	CMI	seq3	28906
150410886638.1.3	CMI	seq3	28906
150410886639.1.3	CMI	seq3	28906
150410886640.1.3	CMI	seq3	28906
150410886641.1.3	CMI	seq3	28906
150410886642.1.3	CMI	seq3	28906
150410886643.1.3	CMI	seq3	28906
150410886644.1.3	CMI	seq3	28906
150410886645.1.3	CMI	seq3	28906
150410886646.1.3	CMI	seq3	28906
150410886647.1.3	CMI	seq3	28906
150410886648.1.3	CMI	seq3	28906
150410886649.1.3	CMI	seq3	28906
150410886650.1.3	CMI	seq3	28906
150410886651.1.3	CMI	seq3	28906
150410886652.1.3	CMI	seq3	28906
150410886653.1.3	CMI	seq3	28906
150410886654.1.3	CMI	seq3	28906
150410886655.1.3	CMI	seq3	28906
150410886656.1.3	CMI	seq3	28906
150410886657.1.3	CC	seq3	28906
150410886658.1.3	CC	seq3	28906
150410886659.1.3	CC	seq3	28906
150410886660.1.3	CC	seq3	28906
150410886661.1.3	CC	seq3	28906
150410886662.1.3	CC	seq3	28906
150410886663.1.3	CC	seq3	28906
150410886664.1.3	CC	seq3	28906
150410886665.1.3	CC	seq3	28906
150410886666.1.3	CC	seq3	28906
150410886667.1.3	CC	seq3	28906
150410886668.1.3	CC	seq3	28906
150410886669.1.3	CC	seq3	28906
150410886670.1.3	CC	seq3	28906
150410886671.1.3	CC	seq3	28906
150410886672.1.3	CC	seq3	28906
150410886673.1.3	CC	seq3	28906
150410886674.1.3	CC	seq3	28906
150410886675.1.3	CC	seq3	28906
150410886676.1.3	CC	seq3	28906
150410886677.1.3	CC	seq3	28906
150410886678.1.3	CC	seq3	28906
150410886679.1.3	CC	seq3	28906
150410886680.1.3	CC	seq3	28906
150410886681.1.3	CC	seq3	28906
150410886682.1.3	CC	seq3	28906
150410886683.1.3	UTI	seq3	28906
150410886684.1.3	UTI	seq3	28906
150410886685.1.3	UTI	seq3	28906
150410886686.1.3	UTI	seq3	28906
150410886687.1.3	UTI	seq3	28906
150410886688.1.3	UTI	seq3	28906
150410886689.1.3	UTI	seq3	28906
150410886690.1.3	UTI	seq3	28906
150410886691.1.3	UTI	seq3	28906
150410886692.1.3	UTI	seq3	28906
150410886693.1.3	UTI	seq3	28906
150410886694.1.3	UTI	seq3	28906
150410886695.1.3	UTI	seq3	28906
150410886696.1.3	UTI	seq3	28906
150410886697.1.3	UTI	seq3	28906
150410886698.1.3	UTI	seq3	28906
150410886699.1.3	UTI	seq3	28906
150410886700.1.3	UTI	seq3	28906
150410886701.1.3	UTI	seq3	28906
150410886702.1.3	UTI	seq3	28906
150410886703.1.3	UTI	seq3	28906
150410886704.1.3	UTI	seq3	28906
150410886705.1.3	UTI	seq3	28906
150410886706.1.3	UTI	seq3	28906
150410886707.1.3	UTI	seq3	28906
150410886708.1.3	UTI	seq3	28906
150410886709.1.3	UTI	seq3	28906
150410886710.1.3	UTI	seq3	28906
150410886711.1.3	UTI	seq3	28906
150410886712.1.3	UTI	seq3	28906
150410886713.1.3	UTI	seq3	28906
150410886714.1.3	UTI	seq3	28906
150410886715.1.3	UTI	seq3	28906
150410886716.1.3	UTI	seq3	28906
150410886717.1.3	UTI	seq3	28906
150410886718.1.3	UTI	seq3	28906
150410886719.1.3	UTI	seq3	28906
150410886720.1.3	UTI	seq3	28906
150410886721.1.3	UTI	seq3	28906
150410886722.1.3	UTI	seq3	28906
150410886723.1.3	UTI	seq3	28906
150410886724.1.3	UTI	seq3	28906
150410886725.1.3	UTI	seq3	28906
150410886726.1.3	UTI	seq3	28906
150410886727.1.3	UTI	seq3	28906
150410886728.1.3	UTI	seq3	28906
150410886729.1.3	UTI	seq3	28906
150410886730.1.3	UTI	seq3	28906
150410886731.1.3	UTI	seq3	28906
150410886732.1.3	UTI	seq3	28906
150410886733.1.3	UTI	seq3	28906
150410886734.1.3	UTI	seq3	28906
150410886735.1.3	UTI	seq3	28906
150410886736.1.3	UTI	seq3	28906
150410886737.1.3	UTI	seq3	28906
150410886738.1.3	UTI	seq3	28906
150410886739.1.3	UTI	seq3	28906
150410886740.1.3	UTI	seq3	28906
150410886741.1.3	UTI	seq3	28906
150410886742.1.3	UTI	seq3	28906
150410886743.1.3	UTI	seq3	28906
150410886744.1.3	UTI	seq3	28906
150410886745.1.3	UTI	seq3	28906
150410886746.1.3	UTI	seq3	28906
150410886747.1.3	UTI	seq3	28906
150410886748.1.3	UTI	seq3	28906
150410886749.1.3	EMG	seq3	28906
150410886750.1.3	EMG	seq3	28906
150410886751.1.3	EMG	seq3	28906
150410886752.1.3	EMG	seq3	28906
150410886753.1.3	EMG	seq3	28906
150410886754.1.3	EMG	seq3	28906
150410886755.1.3	EMG	seq3	28906
150410886756.1.3	EMG	seq3	28906
150410886757.1.3	EMG	seq3	28906
150410886758.1.3	EMG	seq3	28906
150410886759.1.3	EMG	seq3	28906
150410886760.1.3	EMG	seq3	28906
150410886761.1.3	EMG	seq3	28906
150410886762.1.3	EMG	seq3	28906
150410886763.1.3	EMG	seq3	28906
150410886764.1.3	EMG	seq3	28906
150410886765.1.3	EMG	seq3	28906
150410886766.1.3	EMG	seq3	28906
150410886767.1.3	EMG	seq3	28906
150410886768.1.3	EMG	seq3	28906
150410886769.1.3	EMG	seq3	28906
150410886770.1.3	EMG	seq3	28906
150410886771.1.3	EMG	seq3	28906
150410886772.1.3	EMG	seq3	28906
150410886773.1.3	EMG	seq3	28906
150410886774.1.3	EMG	seq3	28906
150410886775.1.3	EMG	seq3	28906
150410886776.1.3	EMG	seq3	28906
150410886777.1.3	EMG	seq3	28906
150410886778.1.3	EMG	seq3	28906
150410886779.1.3	EMG	seq3	28906
150410886780.1.3	EMG	seq3	28906
150410886781.1.3	EMG	seq3	28906
150410886782.1.3	EMG	seq3	28906
150410886783.1.3	EMG	seq3	28906
150410886784.1.3	EMG	seq3	28906
150410886785.1.3	EMG	seq3	28906
150410886786.1.3	EMG	seq3	28906
150410886787.1.3	EMG	seq3	28906
150410886788.1.3	EMG	seq3	28906
150410886789.1.3	EMG	seq3	28906
150410886600.1.4	CRI	seq4	26875
150410886601.1.4	CRI	seq4	26875
150410886602.1.4	CRI	seq4	26875
150410886603.1.4	CRI	seq4	26875
150410886604.1.4	CRI	seq4	26875
150410886605.1.4	CRI	seq4	26875
150410886606.1.4	CRI	seq4	26875
150410886607.1.4	CRI	seq4	26875
150410886608.1.4	CRI	seq4	26875
150410886609.1.4	CRI	seq4	26875
150410886610.1.4	CRI	seq4	26875
150410886611.1.4	CRI	seq4	26875
150410886612.1.4	CRI	seq4	26875
150410886613.1.4	CRI	seq4	26875
150410886614.1.4	CRI	seq4	26875
150410886615.1.4	CRI	seq4	26875
150410886616.1.4	CRI	seq4	26875
150410886617.1.4	CRI	seq4	26875
150410886618.1.4	CRI	seq4	26875
150410886619.1.4	CRI	seq4	26875
150410886620.1.4	CRI	seq4	26875
150410886621.1.4	CRI	seq4	26875
150410886622.1.4	CRI	seq4	26875
150410886623.1.4	CRI	seq4	26875
150410886624.1.4	CRI	seq4	26875
150410886625.1.4	CRI	seq4	26875
150410886626.1.4	CRI	seq4	26875
150410886627.1.4	CRI	seq4	26875
150410886628.1.4	CMI	seq4	26875
150410886629.1.4	CMI	seq4	26875
150410886630.1.4	CMI	seq4	26875
150410886631.1.4	CMI	seq4	26875
150410886632.1.4	CMI	seq4	26875
150410886633.1.4	CMI	seq4	26875
150410886634.1.4	CMI	seq4	26875
150410886635.1.4	CMI	seq4	26875
150410886636.1.4	CMI	seq4	26875
150410886637.1.4	CMI	seq4	26875
150410886638.1.4	CMI	seq4	26875
150410886639.1.4	CMI	seq4	26875
150410886640.1.4	CMI	seq4	26875
150410886641.1.4	CMI	seq4	26875
150410886642.1.4	CMI	seq4	26875
150410886643.1.4	CMI	seq4	26875
150410886644.1.4	CMI	seq4	26875
150410886645.1.4	CMI	seq4	26875
150410886646.1.4	CMI	seq4	26875
150410886647.1.4	CMI	seq4	26875
150410886648.1.4	CMI	seq4	26875
150410886649.1.4	CMI	seq4	26875
150410886650.1.4	CMI	seq4	26875
150410886651.1.4	CMI	seq4	26875
150410886652.1.4	CMI	seq4	26875
150410886653.1.4	CMI	seq4	26875
150410886654.1.4	CMI	seq4	26875
150410886655.1.4	CMI	seq4	26875
150410886656.1.4	CMI	seq4	26875
150410886657.1.4	CC	seq4	26875
150410886658.1.4	CC	seq4	26875
150410886659.1.4	CC	seq4	26875
150410886660.1.4	CC	seq4	26875
150410886661.1.4	CC	seq4	26875
150410886662.1.4	CC	seq4	26875
150410886663.1.4	CC	seq4	26875
150410886664.1.4	CC	seq4	26875
150410886665.1.4	CC	seq4	26875
150410886666.1.4	CC	seq4	26875
150410886667.1.4	CC	seq4	26875
150410886668.1.4	CC	seq4	26875
150410886669.1.4	CC	seq4	26875
150410886670.1.4	CC	seq4	26875
150410886671.1.4	CC	seq4	26875
150410886672.1.4	CC	seq4	26875
150410886673.1.4	CC	seq4	26875
150410886674.1.4	CC	seq4	26875
150410886675.1.4	CC	seq4	26875
150410886676.1.4	CC	seq4	26875
150410886677.1.4	CC	seq4	26875
150410886678.1.4	CC	seq4	26875
150410886679.1.4	CC	seq4	26875
150410886680.1.4	CC	seq4	26875
150410886681.1.4	CC	seq4	26875
150410886682.1.4	CC	seq4	26875
150410886683.1.4	UTI	seq4	26875
150410886684.1.4	UTI	seq4	26875
150410886685.1.4	UTI	seq4	26875
150410886686.1.4	UTI	seq4	26875
150410886687.1.4	UTI	seq4	26875
150410886688.1.4	UTI	seq4	26875
150410886689.1.4	UTI	seq4	26875
150410886690.1.4	UTI	seq4	26875
150410886691.1.4	UTI	seq4	26875
150410886692.1.4	UTI	seq4	26875
150410886693.1.4	UTI	seq4	26875
150410886694.1.4	UTI	seq4	26875
150410886695.1.4	UTI	seq4	26875
150410886696.1.4	UTI	seq4	26875
150410886697.1.4	UTI	seq4	26875
150410886698.1.4	UTI	seq4	26875
150410886699.1.4	UTI	seq4	26875
150410886700.1.4	UTI	seq4	26875
150410886701.1.4	UTI	seq4	26875
150410886702.1.4	UTI	seq4	26875
150410886703.1.4	UTI	seq4	26875
150410886704.1.4	UTI	seq4	26875
150410886705.1.4	UTI	seq4	26875
150410886706.1.4	UTI	seq4	26875
150410886707.1.4	UTI	seq4	26875
150410886708.1.4	UTI	seq4	26875
150410886709.1.4	UTI	seq4	26875
150410886710.1.4	UTI	seq4	26875
150410886711.1.4	UTI	seq4	26875
150410886712.1.4	UTI	seq4	26875
150410886713.1.4	UTI	seq4	26875
150410886714.1.4	UTI	seq4	26875
150410886715.1.4	UTI	seq4	26875
150410886716.1.4	UTI	seq4	26875
150410886717.1.4	UTI	seq4	26875
150410886718.1.4	UTI	seq4	26875
150410886719.1.4	UTI	seq4	26875
150410886720.1.4	UTI	seq4	26875
150410886721.1.4	UTI	seq4	26875
150410886722.1.4	UTI	seq4	26875
150410886723.1.4	UTI	seq4	26875
150410886724.1.4	UTI	seq4	26875
150410886725.1.4	UTI	seq4	26875
150410886726.1.4	UTI	seq4	26875
150410886727.1.4	UTI	seq4	26875
150410886728.1.4	UTI	seq4	26875
150410886729.1.4	UTI	seq4	26875
150410886730.1.4	UTI	seq4	26875
150410886731.1.4	UTI	seq4	26875
150410886732.1.4	UTI	seq4	26875
150410886733.1.4	UTI	seq4	26875
150410886734.1.4	UTI	seq4	26875
150410886735.1.4	UTI	seq4	26875
150410886736.1.4	UTI	seq4	26875
150410886737.1.4	UTI	seq4	26875
150410886738.1.4	UTI	seq4	26875
150410886739.1.4	UTI	seq4	26875
150410886740.1.4	UTI	seq4	26875
150410886741.1.4	UTI	seq4	26875
150410886742.1.4	UTI	seq4	26875
150410886743.1.4	UTI	seq4	26875
150410886744.1.4	UTI	seq4	26875
150410886745.1.4	UTI	seq4	26875
150410886746.1.4	UTI	seq4	26875
150410886747.1.4	UTI	seq4	26875
150410886748.1.4	UTI	seq4	26875
150410886749.1.4	EMG	seq4	26875
150410886750.1.4	EMG	seq4	26875
150410886751.1.4	EMG	seq4	26875
150410886752.1.4	EMG	seq4	26875
150410886753.1.4	EMG	seq4	26875
150410886754.1.4	EMG	seq4	26875
150410886755.1.4	EMG	seq4	26875
150410886756.1.4	EMG	seq4	26875
150410886757.1.4	EMG	seq4	26875
150410886758.1.4	EMG	seq4	26875
150410886759.1.4	EMG	seq4	26875
150410886760.1.4	EMG	seq4	26875
150410886761.1.4	EMG	seq4	26875
150410886762.1.4	EMG	seq4	26875
150410886763.1.4	EMG	seq4	26875
150410886764.1.4	EMG	seq4	26875
150410886765.1.4	EMG	seq4	26875
150410886766.1.4	EMG	seq4	26875
150410886767.1.4	EMG	seq4	26875
150410886768.1.4	EMG	seq4	26875
150410886769.1.4	EMG	seq4	26875
150410886770.1.4	EMG	seq4	26875
150410886771.1.4	EMG	seq4	26875
150410886772.1.4	EMG	seq4	26875
150410886773.1.4	EMG	seq4	26875
150410886774.1.4	EMG	seq4	26875
150410886775.1.4	EMG	seq4	26875
150410886776.1.4	EMG	seq4	26875
150410886777.1.4	EMG	seq4	26875
150410886778.1.4	EMG	seq4	26875
150410886779.1.4	EMG	seq4	26875
150410886780.1.4	EMG	seq4	26875
150410886781.1.4	EMG	seq4	26875
150410886782.1.4	EMG	seq4	26875
150410886783.1.4	EMG	seq4	26875
150410886784.1.4	EMG	seq4	26875
150410886785.1.4	EMG	seq4	26875
150410886786.1.4	EMG	seq4	26875
150410886787.1.4	EMG	seq4	26875
150410886788.1.4	EMG	seq4	26875
150410886789.1.4	EMG	seq4	26875
150410886600.1.5	CRI	seq5	26172
150410886601.1.5	CRI	seq5	26172
150410886602.1.5	CRI	seq5	26172
150410886603.1.5	CRI	seq5	26172
150410886604.1.5	CRI	seq5	26172
150410886605.1.5	CRI	seq5	26172
150410886606.1.5	CRI	seq5	26172
150410886607.1.5	CRI	seq5	26172
150410886608.1.5	CRI	seq5	26172
150410886609.1.5	CRI	seq5	26172
150410886610.1.5	CRI	seq5	26172
150410886611.1.5	CRI	seq5	26172
150410886612.1.5	CRI	seq5	26172
150410886613.1.5	CRI	seq5	26172
150410886614.1.5	CRI	seq5	26172
150410886615.1.5	CRI	seq5	26172
150410886616.1.5	CRI	seq5	26172
150410886617.1.5	CRI	seq5	26172
150410886618.1.5	CRI	seq5	26172
150410886619.1.5	CRI	seq5	26172
150410886620.1.5	CRI	seq5	26172
150410886621.1.5	CRI	seq5	26172
150410886622.1.5	CRI	seq5	26172
150410886623.1.5	CRI	seq5	26172
150410886624.1.5	CRI	seq5	26172
150410886625.1.5	CRI	seq5	26172
150410886626.1.5	CRI	seq5	26172
150410886627.1.5	CRI	seq5	26172
150410886628.1.5	CMI	seq5	26172
150410886629.1.5	CMI	seq5	26172
150410886630.1.5	CMI	seq5	26172
150410886631.1.5	CMI	seq5	26172
150410886632.1.5	CMI	seq5	26172
150410886633.1.5	CMI	seq5	26172
150410886634.1.5	CMI	seq5	26172
150410886635.1.5	CMI	seq5	26172
150410886636.1.5	CMI	seq5	26172
150410886637.1.5	CMI	seq5	26172
150410886638.1.5	CMI	seq5	26172
150410886639.1.5	CMI	seq5	26172
150410886640.1.5	CMI	seq5	26172
150410886641.1.5	CMI	seq5	26172
150410886642.1.5	CMI	seq5	26172
150410886643.1.5	CMI	seq5	26172
150410886644.1.5	CMI	seq5	26172
150410886645.1.5	CMI	seq5	26172
150410886646.1.5	CMI	seq5	26172
150410886647.1.5	CMI	seq5	26172
150410886648.1.5	CMI	seq5	26172
150410886649.1.5	CMI	seq5	26172
150410886650.1.5	CMI	seq5	26172
150410886651.1.5	CMI	seq5	26172
150410886652.1.5	CMI	seq5	26172
150410886653.1.5	CMI	seq5	26172
150410886654.1.5	CMI	seq5	26172
150410886655.1.5	CMI	seq5	26172
150410886656.1.5	CMI	seq5	26172
150410886657.1.5	CC	seq5	26172
150410886658.1.5	CC	seq5	26172
150410886659.1.5	CC	seq5	26172
150410886660.1.5	CC	seq5	26172
150410886661.1.5	CC	seq5	26172
150410886662.1.5	CC	seq5	26172
150410886663.1.5	CC	seq5	26172
150410886664.1.5	CC	seq5	26172
150410886665.1.5	CC	seq5	26172
150410886666.1.5	CC	seq5	26172
150410886667.1.5	CC	seq5	26172
150410886668.1.5	CC	seq5	26172
150410886669.1.5	CC	seq5	26172
150410886670.1.5	CC	seq5	26172
150410886671.1.5	CC	seq5	26172
150410886672.1.5	CC	seq5	26172
150410886673.1.5	CC	seq5	26172
150410886674.1.5	CC	seq5	26172
150410886675.1.5	CC	seq5	26172
150410886676.1.5	CC	seq5	26172
150410886677.1.5	CC	seq5	26172
150410886678.1.5	CC	seq5	26172
150410886679.1.5	CC	seq5	26172
150410886680.1.5	CC	seq5	26172
150410886681.1.5	CC	seq5	26172
150410886682.1.5	CC	seq5	26172
150410886683.1.5	UTI	seq5	26172
150410886684.1.5	UTI	seq5	26172
150410886685.1.5	UTI	seq5	26172
150410886686.1.5	UTI	seq5	26172
150410886687.1.5	UTI	seq5	26172
150410886688.1.5	UTI	seq5	26172
150410886689.1.5	UTI	seq5	26172
150410886690.1.5	UTI	seq5	26172
150410886691.1.5	UTI	seq5	26172
150410886692.1.5	UTI	seq5	26172
150410886693.1.5	UTI	seq5	26172
150410886694.1.5	UTI	seq5	26172
150410886695.1.5	UTI	seq5	26172
150410886696.1.5	UTI	seq5	26172
150410886697.1.5	UTI	seq5	26172
150410886698.1.5	UTI	seq5	26172
150410886699.1.5	UTI	seq5	26172
150410886700.1.5	UTI	seq5	26172
150410886701.1.5	UTI	seq5	26172
150410886702.1.5	UTI	seq5	26172
150410886703.1.5	UTI	seq5	26172
150410886704.1.5	UTI	seq5	26172
150410886705.1.5	UTI	seq5	26172
150410886706.1.5	UTI	seq5	26172
150410886707.1.5	UTI	seq5	26172
150410886708.1.5	UTI	seq5	26172
150410886709.1.5	UTI	seq5	26172
150410886710.1.5	UTI	seq5	26172
150410886711.1.5	UTI	seq5	26172
150410886712.1.5	UTI	seq5	26172
150410886713.1.5	UTI	seq5	26172
150410886714.1.5	UTI	seq5	26172
150410886715.1.5	UTI	seq5	26172
150410886716.1.5	UTI	seq5	26172
150410886717.1.5	UTI	seq5	26172
150410886718.1.5	UTI	seq5	26172
150410886719.1.5	UTI	seq5	26172
150410886720.1.5	UTI	seq5	26172
150410886721.1.5	UTI	seq5	26172
150410886722.1.5	UTI	seq5	26172
150410886723.1.5	UTI	seq5	26172
150410886724.1.5	UTI	seq5	26172
150410886725.1.5	UTI	seq5	26172
150410886726.1.5	UTI	seq5	26172
150410886727.1.5	UTI	seq5	26172
150410886728.1.5	UTI	seq5	26172
150410886729.1.5	UTI	seq5	26172
150410886730.1.5	UTI	seq5	26172
150410886731.1.5	UTI	seq5	26172
150410886732.1.5	UTI	seq5	26172
150410886733.1.5	UTI	seq5	26172
150410886734.1.5	UTI	seq5	26172
150410886735.1.5	UTI	seq5	26172
150410886736.1.5	UTI	seq5	26172
150410886737.1.5	UTI	seq5	26172
150410886738.1.5	UTI	seq5	26172
150410886739.1.5	UTI	seq5	26172
150410886740.1.5	UTI	seq5	26172
150410886741.1.5	UTI	seq5	26172
150410886742.1.5	UTI	seq5	26172
150410886743.1.5	UTI	seq5	26172
150410886744.1.5	UTI	seq5	26172
150410886745.1.5	UTI	seq5	26172
150410886746.1.5	UTI	seq5	26172
150410886747.1.5	UTI	seq5	26172
150410886748.1.5	UTI	seq5	26172
150410886749.1.5	EMG	seq5	26172
150410886750.1.5	EMG	seq5	26172
150410886751.1.5	EMG	seq5	26172
150410886752.1.5	EMG	seq5	26172
150410886753.1.5	EMG	seq5	26172
150410886754.1.5	EMG	seq5	26172
150410886755.1.5	EMG	seq5	26172
150410886756.1.5	EMG	seq5	26172
150410886757.1.5	EMG	seq5	26172
150410886758.1.5	EMG	seq5	26172
150410886759.1.5	EMG	seq5	26172
150410886760.1.5	EMG	seq5	26172
150410886761.1.5	EMG	seq5	26172
150410886762.1.5	EMG	seq5	26172
150410886763.1.5	EMG	seq5	26172
150410886764.1.5	EMG	seq5	26172
150410886765.1.5	EMG	seq5	26172
150410886766.1.5	EMG	seq5	26172
150410886767.1.5	EMG	seq5	26172
150410886768.1.5	EMG	seq5	26172
150410886769.1.5	EMG	seq5	26172
150410886770.1.5	EMG	seq5	26172
150410886771.1.5	EMG	seq5	26172
150410886772.1.5	EMG	seq5	26172
150410886773.1.5	EMG	seq5	26172
150410886774.1.5	EMG	seq5	26172
150410886775.1.5	EMG	seq5	26172
150410886776.1.5	EMG	seq5	26172
150410886777.1.5	EMG	seq5	26172
150410886778.1.5	EMG	seq5	26172
150410886779.1.5	EMG	seq5	26172
150410886780.1.5	EMG	seq5	26172
150410886781.1.5	EMG	seq5	26172
150410886782.1.5	EMG	seq5	26172
150410886783.1.5	EMG	seq5	26172
150410886784.1.5	EMG	seq5	26172
150410886785.1.5	EMG	seq5	26172
150410886786.1.5	EMG	seq5	26172
150410886787.1.5	EMG	seq5	26172
150410886788.1.5	EMG	seq5	26172
150410886789.1.5	EMG	seq5	26172
150410886600.1.6	CRI	seq6	25500
150410886601.1.6	CRI	seq6	25500
150410886602.1.6	CRI	seq6	25500
150410886603.1.6	CRI	seq6	25500
150410886604.1.6	CRI	seq6	25500
150410886605.1.6	CRI	seq6	25500
150410886606.1.6	CRI	seq6	25500
150410886607.1.6	CRI	seq6	25500
150410886608.1.6	CRI	seq6	25500
150410886609.1.6	CRI	seq6	25500
150410886610.1.6	CRI	seq6	25500
150410886611.1.6	CRI	seq6	25500
150410886612.1.6	CRI	seq6	25500
150410886613.1.6	CRI	seq6	25500
150410886614.1.6	CRI	seq6	25500
150410886615.1.6	CRI	seq6	25500
150410886616.1.6	CRI	seq6	25500
150410886617.1.6	CRI	seq6	25500
150410886618.1.6	CRI	seq6	25500
150410886619.1.6	CRI	seq6	25500
150410886620.1.6	CRI	seq6	25500
150410886621.1.6	CRI	seq6	25500
150410886622.1.6	CRI	seq6	25500
150410886623.1.6	CRI	seq6	25500
150410886624.1.6	CRI	seq6	25500
150410886625.1.6	CRI	seq6	25500
150410886626.1.6	CRI	seq6	25500
150410886627.1.6	CRI	seq6	25500
150410886628.1.6	CMI	seq6	25500
150410886629.1.6	CMI	seq6	25500
150410886630.1.6	CMI	seq6	25500
150410886631.1.6	CMI	seq6	25500
150410886632.1.6	CMI	seq6	25500
150410886633.1.6	CMI	seq6	25500
150410886634.1.6	CMI	seq6	25500
150410886635.1.6	CMI	seq6	25500
150410886636.1.6	CMI	seq6	25500
150410886637.1.6	CMI	seq6	25500
150410886638.1.6	CMI	seq6	25500
150410886639.1.6	CMI	seq6	25500
150410886640.1.6	CMI	seq6	25500
150410886641.1.6	CMI	seq6	25500
150410886642.1.6	CMI	seq6	25500
150410886643.1.6	CMI	seq6	25500
150410886644.1.6	CMI	seq6	25500
150410886645.1.6	CMI	seq6	25500
150410886646.1.6	CMI	seq6	25500
150410886647.1.6	CMI	seq6	25500
150410886648.1.6	CMI	seq6	25500
150410886649.1.6	CMI	seq6	25500
150410886650.1.6	CMI	seq6	25500
150410886651.1.6	CMI	seq6	25500
150410886652.1.6	CMI	seq6	25500
150410886653.1.6	CMI	seq6	25500
150410886654.1.6	CMI	seq6	25500
150410886655.1.6	CMI	seq6	25500
150410886656.1.6	CMI	seq6	25500
150410886657.1.6	CC	seq6	25500
150410886658.1.6	CC	seq6	25500
150410886659.1.6	CC	seq6	25500
150410886660.1.6	CC	seq6	25500
150410886661.1.6	CC	seq6	25500
150410886662.1.6	CC	seq6	25500
150410886663.1.6	CC	seq6	25500
150410886664.1.6	CC	seq6	25500
150410886665.1.6	CC	seq6	25500
150410886666.1.6	CC	seq6	25500
150410886667.1.6	CC	seq6	25500
150410886668.1.6	CC	seq6	25500
150410886669.1.6	CC	seq6	25500
150410886670.1.6	CC	seq6	25500
150410886671.1.6	CC	seq6	25500
150410886672.1.6	CC	seq6	25500
150410886673.1.6	CC	seq6	25500
150410886674.1.6	CC	seq6	25500
150410886675.1.6	CC	seq6	25500
150410886676.1.6	CC	seq6	25500
150410886677.1.6	CC	seq6	25500
150410886678.1.6	CC	seq6	25500
150410886679.1.6	CC	seq6	25500
150410886680.1.6	CC	seq6	25500
150410886681.1.6	CC	seq6	25500
150410886682.1.6	CC	seq6	25500
150410886683.1.6	UTI	seq6	25500
150410886684.1.6	UTI	seq6	25500
150410886685.1.6	UTI	seq6	25500
150410886686.1.6	UTI	seq6	25500
150410886687.1.6	UTI	seq6	25500
150410886688.1.6	UTI	seq6	25500
150410886689.1.6	UTI	seq6	25500
150410886690.1.6	UTI	seq6	25500
150410886691.1.6	UTI	seq6	25500
150410886692.1.6	UTI	seq6	25500
150410886693.1.6	UTI	seq6	25500
150410886694.1.6	UTI	seq6	25500
150410886695.1.6	UTI	seq6	25500
150410886696.1.6	UTI	seq6	25500
150410886697.1.6	UTI	seq6	25500
150410886698.1.6	UTI	seq6	25500
150410886699.1.6	UTI	seq6	25500
150410886700.1.6	UTI	seq6	25500
150410886701.1.6	UTI	seq6	25500
150410886702.1.6	UTI	seq6	25500
150410886703.1.6	UTI	seq6	25500
150410886704.1.6	UTI	seq6	25500
150410886705.1.6	UTI	seq6	25500
150410886706.1.6	UTI	seq6	25500
150410886707.1.6	UTI	seq6	25500
150410886708.1.6	UTI	seq6	25500
150410886709.1.6	UTI	seq6	25500
150410886710.1.6	UTI	seq6	25500
150410886711.1.6	UTI	seq6	25500
150410886712.1.6	UTI	seq6	25500
150410886713.1.6	UTI	seq6	25500
150410886714.1.6	UTI	seq6	25500
150410886715.1.6	UTI	seq6	25500
150410886716.1.6	UTI	seq6	25500
150410886717.1.6	UTI	seq6	25500
150410886718.1.6	UTI	seq6	25500
150410886719.1.6	UTI	seq6	25500
150410886720.1.6	UTI	seq6	25500
150410886721.1.6	UTI	seq6	25500
150410886722.1.6	UTI	seq6	25500
150410886723.1.6	UTI	seq6	25500
150410886724.1.6	UTI	seq6	25500
150410886725.1.6	UTI	seq6	25500
150410886726.1.6	UTI	seq6	25500
150410886727.1.6	UTI	seq6	25500
150410886728.1.6	UTI	seq6	25500
150410886729.1.6	UTI	seq6	25500
150410886730.1.6	UTI	seq6	25500
150410886731.1.6	UTI	seq6	25500
150410886732.1.6	UTI	seq6	25500
150410886733.1.6	UTI	seq6	25500
150410886734.1.6	UTI	seq6	25500
150410886735.1.6	UTI	seq6	25500
150410886736.1.6	UTI	seq6	25500
150410886737.1.6	UTI	seq6	25500
150410886738.1.6	UTI	seq6	25500
150410886739.1.6	UTI	seq6	25500
150410886740.1.6	UTI	seq6	25500
150410886741.1.6	UTI	seq6	25500
150410886742.1.6	UTI	seq6	25500
150410886743.1.6	UTI	seq6	25500
150410886744.1.6	UTI	seq6	25500
150410886745.1.6	UTI	seq6	25500
150410886746.1.6	UTI	seq6	25500
150410886747.1.6	UTI	seq6	25500
150410886748.1.6	UTI	seq6	25500
150410886749.1.6	EMG	seq6	25500
150410886750.1.6	EMG	seq6	25500
150410886751.1.6	EMG	seq6	25500
150410886752.1.6	EMG	seq6	25500
150410886753.1.6	EMG	seq6	25500
150410886754.1.6	EMG	seq6	25500
150410886755.1.6	EMG	seq6	25500
150410886756.1.6	EMG	seq6	25500
150410886757.1.6	EMG	seq6	25500
150410886758.1.6	EMG	seq6	25500
150410886759.1.6	EMG	seq6	25500
150410886760.1.6	EMG	seq6	25500
150410886761.1.6	EMG	seq6	25500
150410886762.1.6	EMG	seq6	25500
150410886763.1.6	EMG	seq6	25500
150410886764.1.6	EMG	seq6	25500
150410886765.1.6	EMG	seq6	25500
150410886766.1.6	EMG	seq6	25500
150410886767.1.6	EMG	seq6	25500
150410886768.1.6	EMG	seq6	25500
150410886769.1.6	EMG	seq6	25500
150410886770.1.6	EMG	seq6	25500
150410886771.1.6	EMG	seq6	25500
150410886772.1.6	EMG	seq6	25500
150410886773.1.6	EMG	seq6	25500
150410886774.1.6	EMG	seq6	25500
150410886775.1.6	EMG	seq6	25500
150410886776.1.6	EMG	seq6	25500
150410886777.1.6	EMG	seq6	25500
150410886778.1.6	EMG	seq6	25500
150410886779.1.6	EMG	seq6	25500
150410886780.1.6	EMG	seq6	25500
150410886781.1.6	EMG	seq6	25500
150410886782.1.6	EMG	seq6	25500
150410886783.1.6	EMG	seq6	25500
150410886784.1.6	EMG	seq6	25500
150410886785.1.6	EMG	seq6	25500
150410886786.1.6	EMG	seq6	25500
150410886787.1.6	EMG	seq6	25500
150410886788.1.6	EMG	seq6	25500
150410886789.1.6	EMG	seq6	25500
150410886600.1.7	CRI	seq7	17890
150410886601.1.7	CRI	seq7	17890
150410886602.1.7	CRI	seq7	17890
150410886603.1.7	CRI	seq7	17890
150410886604.1.7	CRI	seq7	17890
150410886605.1.7	CRI	seq7	17890
150410886606.1.7	CRI	seq7	17890
150410886607.1.7	CRI	seq7	17890
150410886608.1.7	CRI	seq7	17890
150410886609.1.7	CRI	seq7	17890
150410886610.1.7	CRI	seq7	17890
150410886611.1.7	CRI	seq7	17890
150410886612.1.7	CRI	seq7	17890
150410886613.1.7	CRI	seq7	17890
150410886614.1.7	CRI	seq7	17890
150410886615.1.7	CRI	seq7	17890
150410886616.1.7	CRI	seq7	17890
150410886617.1.7	CRI	seq7	17890
150410886618.1.7	CRI	seq7	17890
150410886619.1.7	CRI	seq7	17890
150410886620.1.7	CRI	seq7	17890
150410886621.1.7	CRI	seq7	17890
150410886622.1.7	CRI	seq7	17890
150410886623.1.7	CRI	seq7	17890
150410886624.1.7	CRI	seq7	17890
150410886625.1.7	CRI	seq7	17890
150410886626.1.7	CRI	seq7	17890
150410886627.1.7	CRI	seq7	17890
150410886628.1.7	CMI	seq7	17890
150410886629.1.7	CMI	seq7	17890
150410886630.1.7	CMI	seq7	17890
150410886631.1.7	CMI	seq7	17890
150410886632.1.7	CMI	seq7	17890
150410886633.1.7	CMI	seq7	17890
150410886634.1.7	CMI	seq7	17890
150410886635.1.7	CMI	seq7	17890
150410886636.1.7	CMI	seq7	17890
150410886637.1.7	CMI	seq7	17890
150410886638.1.7	CMI	seq7	17890
150410886639.1.7	CMI	seq7	17890
150410886640.1.7	CMI	seq7	17890
150410886641.1.7	CMI	seq7	17890
150410886642.1.7	CMI	seq7	17890
150410886643.1.7	CMI	seq7	17890
150410886644.1.7	CMI	seq7	17890
150410886645.1.7	CMI	seq7	17890
150410886646.1.7	CMI	seq7	17890
150410886647.1.7	CMI	seq7	17890
150410886648.1.7	CMI	seq7	17890
150410886649.1.7	CMI	seq7	17890
150410886650.1.7	CMI	seq7	17890
150410886651.1.7	CMI	seq7	17890
150410886652.1.7	CMI	seq7	17890
150410886653.1.7	CMI	seq7	17890
150410886654.1.7	CMI	seq7	17890
150410886655.1.7	CMI	seq7	17890
150410886656.1.7	CMI	seq7	17890
150410886657.1.7	CC	seq7	17890
150410886658.1.7	CC	seq7	17890
150410886659.1.7	CC	seq7	17890
150410886660.1.7	CC	seq7	17890
150410886661.1.7	CC	seq7	17890
150410886662.1.7	CC	seq7	17890
150410886663.1.7	CC	seq7	17890
150410886664.1.7	CC	seq7	17890
150410886665.1.7	CC	seq7	17890
150410886666.1.7	CC	seq7	17890
150410886667.1.7	CC	seq7	17890
150410886668.1.7	CC	seq7	17890
150410886669.1.7	CC	seq7	17890
150410886670.1.7	CC	seq7	17890
150410886671.1.7	CC	seq7	17890
150410886672.1.7	CC	seq7	17890
150410886673.1.7	CC	seq7	17890
150410886674.1.7	CC	seq7	17890
150410886675.1.7	CC	seq7	17890
150410886676.1.7	CC	seq7	17890
150410886677.1.7	CC	seq7	17890
150410886678.1.7	CC	seq7	17890
150410886679.1.7	CC	seq7	17890
150410886680.1.7	CC	seq7	17890
150410886681.1.7	CC	seq7	17890
150410886682.1.7	CC	seq7	17890
150410886683.1.7	UTI	seq7	17890
150410886684.1.7	UTI	seq7	17890
150410886685.1.7	UTI	seq7	17890
150410886686.1.7	UTI	seq7	17890
150410886687.1.7	UTI	seq7	17890
150410886688.1.7	UTI	seq7	17890
150410886689.1.7	UTI	seq7	17890
150410886690.1.7	UTI	seq7	17890
150410886691.1.7	UTI	seq7	17890
150410886692.1.7	UTI	seq7	17890
150410886693.1.7	UTI	seq7	17890
150410886694.1.7	UTI	seq7	17890
150410886695.1.7	UTI	seq7	17890
150410886696.1.7	UTI	seq7	17890
150410886697.1.7	UTI	seq7	17890
150410886698.1.7	UTI	seq7	17890
150410886699.1.7	UTI	seq7	17890
150410886700.1.7	UTI	seq7	17890
150410886701.1.7	UTI	seq7	17890
150410886702.1.7	UTI	seq7	17890
150410886703.1.7	UTI	seq7	17890
150410886704.1.7	UTI	seq7	17890
150410886705.1.7	UTI	seq7	17890
150410886706.1.7	UTI	seq7	17890
150410886707.1.7	UTI	seq7	17890
150410886708.1.7	UTI	seq7	17890
150410886709.1.7	UTI	seq7	17890
150410886710.1.7	UTI	seq7	17890
150410886711.1.7	UTI	seq7	17890
150410886712.1.7	UTI	seq7	17890
150410886713.1.7	UTI	seq7	17890
150410886714.1.7	UTI	seq7	17890
150410886715.1.7	UTI	seq7	17890
150410886716.1.7	UTI	seq7	17890
150410886717.1.7	UTI	seq7	17890
150410886718.1.7	UTI	seq7	17890
150410886719.1.7	UTI	seq7	17890
150410886720.1.7	UTI	seq7	17890
150410886721.1.7	UTI	seq7	17890
150410886722.1.7	UTI	seq7	17890
150410886723.1.7	UTI	seq7	17890
150410886724.1.7	UTI	seq7	17890
150410886725.1.7	UTI	seq7	17890
150410886726.1.7	UTI	seq7	17890
150410886727.1.7	UTI	seq7	17890
150410886728.1.7	UTI	seq7	17890
150410886729.1.7	UTI	seq7	17890
150410886730.1.7	UTI	seq7	17890
150410886731.1.7	UTI	seq7	17890
150410886732.1.7	UTI	seq7	17890
150410886733.1.7	UTI	seq7	17890
150410886734.1.7	UTI	seq7	17890
150410886735.1.7	UTI	seq7	17890
150410886736.1.7	UTI	seq7	17890
150410886737.1.7	UTI	seq7	17890
150410886738.1.7	UTI	seq7	17890
150410886739.1.7	UTI	seq7	17890
150410886740.1.7	UTI	seq7	17890
150410886741.1.7	UTI	seq7	17890
150410886742.1.7	UTI	seq7	17890
150410886743.1.7	UTI	seq7	17890
150410886744.1.7	UTI	seq7	17890
150410886745.1.7	UTI	seq7	17890
150410886746.1.7	UTI	seq7	17890
150410886747.1.7	UTI	seq7	17890
150410886748.1.7	UTI	seq7	17890
150410886749.1.7	EMG	seq7	17890
150410886750.1.7	EMG	seq7	17890
150410886751.1.7	EMG	seq7	17890
150410886752.1.7	EMG	seq7	17890
150410886753.1.7	EMG	seq7	17890
150410886754.1.7	EMG	seq7	17890
150410886755.1.7	EMG	seq7	17890
150410886756.1.7	EMG	seq7	17890
150410886757.1.7	EMG	seq7	17890
150410886758.1.7	EMG	seq7	17890
150410886759.1.7	EMG	seq7	17890
150410886760.1.7	EMG	seq7	17890
150410886761.1.7	EMG	seq7	17890
150410886762.1.7	EMG	seq7	17890
150410886763.1.7	EMG	seq7	17890
150410886764.1.7	EMG	seq7	17890
150410886765.1.7	EMG	seq7	17890
150410886766.1.7	EMG	seq7	17890
150410886767.1.7	EMG	seq7	17890
150410886768.1.7	EMG	seq7	17890
150410886769.1.7	EMG	seq7	17890
150410886770.1.7	EMG	seq7	17890
150410886771.1.7	EMG	seq7	17890
150410886772.1.7	EMG	seq7	17890
150410886773.1.7	EMG	seq7	17890
150410886774.1.7	EMG	seq7	17890
150410886775.1.7	EMG	seq7	17890
150410886776.1.7	EMG	seq7	17890
150410886777.1.7	EMG	seq7	17890
150410886778.1.7	EMG	seq7	17890
150410886779.1.7	EMG	seq7	17890
150410886780.1.7	EMG	seq7	17890
150410886781.1.7	EMG	seq7	17890
150410886782.1.7	EMG	seq7	17890
150410886783.1.7	EMG	seq7	17890
150410886784.1.7	EMG	seq7	17890
150410886785.1.7	EMG	seq7	17890
150410886786.1.7	EMG	seq7	17890
150410886787.1.7	EMG	seq7	17890
150410886788.1.7	EMG	seq7	17890
150410886789.1.7	EMG	seq7	17890
150410886600.1.8	CRI	seq7	17890
150410886601.1.8	CRI	seq8	16615
150410886602.1.8	CRI	seq8	16615
150410886603.1.8	CRI	seq8	16615
150410886604.1.8	CRI	seq8	16615
150410886605.1.8	CRI	seq8	16615
150410886606.1.8	CRI	seq8	16615
150410886607.1.8	CRI	seq8	16615
150410886608.1.8	CRI	seq8	16615
150410886609.1.8	CRI	seq8	16615
150410886610.1.8	CRI	seq8	16615
150410886611.1.8	CRI	seq8	16615
150410886612.1.8	CRI	seq8	16615
150410886613.1.8	CRI	seq8	16615
150410886614.1.8	CRI	seq8	16615
150410886615.1.8	CRI	seq8	16615
150410886616.1.8	CRI	seq8	16615
150410886617.1.8	CRI	seq8	16615
150410886618.1.8	CRI	seq8	16615
150410886619.1.8	CRI	seq8	16615
150410886620.1.8	CRI	seq8	16615
150410886621.1.8	CRI	seq8	16615
150410886622.1.8	CRI	seq8	16615
150410886623.1.8	CRI	seq8	16615
150410886624.1.8	CRI	seq8	16615
150410886625.1.8	CRI	seq8	16615
150410886626.1.8	CRI	seq8	16615
150410886627.1.8	CRI	seq8	16615
150410886628.1.8	CMI	seq8	16615
150410886629.1.8	CMI	seq8	16615
150410886630.1.8	CMI	seq8	16615
150410886631.1.8	CMI	seq8	16615
150410886632.1.8	CMI	seq8	16615
150410886633.1.8	CMI	seq8	16615
150410886634.1.8	CMI	seq8	16615
150410886635.1.8	CMI	seq8	16615
150410886636.1.8	CMI	seq8	16615
150410886637.1.8	CMI	seq8	16615
150410886638.1.8	CMI	seq8	16615
150410886639.1.8	CMI	seq8	16615
150410886640.1.8	CMI	seq8	16615
150410886641.1.8	CMI	seq8	16615
150410886642.1.8	CMI	seq8	16615
150410886643.1.8	CMI	seq8	16615
150410886644.1.8	CMI	seq8	16615
150410886645.1.8	CMI	seq8	16615
150410886646.1.8	CMI	seq8	16615
150410886647.1.8	CMI	seq8	16615
150410886648.1.8	CMI	seq8	16615
150410886649.1.8	CMI	seq8	16615
150410886650.1.8	CMI	seq8	16615
150410886651.1.8	CMI	seq8	16615
150410886652.1.8	CMI	seq8	16615
150410886653.1.8	CMI	seq8	16615
150410886654.1.8	CMI	seq8	16615
150410886655.1.8	CMI	seq8	16615
150410886656.1.8	CMI	seq8	16615
150410886657.1.8	CC	seq8	16615
150410886658.1.8	CC	seq8	16615
150410886659.1.8	CC	seq8	16615
150410886660.1.8	CC	seq8	16615
150410886661.1.8	CC	seq8	16615
150410886662.1.8	CC	seq8	16615
150410886663.1.8	CC	seq8	16615
150410886664.1.8	CC	seq8	16615
150410886665.1.8	CC	seq8	16615
150410886666.1.8	CC	seq8	16615
150410886667.1.8	CC	seq8	16615
150410886668.1.8	CC	seq8	16615
150410886669.1.8	CC	seq8	16615
150410886670.1.8	CC	seq8	16615
150410886671.1.8	CC	seq8	16615
150410886672.1.8	CC	seq8	16615
150410886673.1.8	CC	seq8	16615
150410886674.1.8	CC	seq8	16615
150410886675.1.8	CC	seq8	16615
150410886676.1.8	CC	seq8	16615
150410886677.1.8	CC	seq8	16615
150410886678.1.8	CC	seq8	16615
150410886679.1.8	CC	seq8	16615
150410886680.1.8	CC	seq8	16615
150410886681.1.8	CC	seq8	16615
150410886682.1.8	CC	seq8	16615
150410886683.1.8	UTI	seq8	16615
150410886684.1.8	UTI	seq8	16615
150410886685.1.8	UTI	seq8	16615
150410886686.1.8	UTI	seq8	16615
150410886687.1.8	UTI	seq8	16615
150410886688.1.8	UTI	seq8	16615
150410886689.1.8	UTI	seq8	16615
150410886690.1.8	UTI	seq8	16615
150410886691.1.8	UTI	seq8	16615
150410886692.1.8	UTI	seq8	16615
150410886693.1.8	UTI	seq8	16615
150410886694.1.8	UTI	seq8	16615
150410886695.1.8	UTI	seq8	16615
150410886696.1.8	UTI	seq8	16615
150410886697.1.8	UTI	seq8	16615
150410886698.1.8	UTI	seq8	16615
150410886699.1.8	UTI	seq8	16615
150410886700.1.8	UTI	seq8	16615
150410886701.1.8	UTI	seq8	16615
150410886702.1.8	UTI	seq8	16615
150410886703.1.8	UTI	seq8	16615
150410886704.1.8	UTI	seq8	16615
150410886705.1.8	UTI	seq8	16615
150410886706.1.8	UTI	seq8	16615
150410886707.1.8	UTI	seq8	16615
150410886708.1.8	UTI	seq8	16615
150410886709.1.8	UTI	seq8	16615
150410886710.1.8	UTI	seq8	16615
150410886711.1.8	UTI	seq8	16615
150410886712.1.8	UTI	seq8	16615
150410886713.1.8	UTI	seq8	16615
150410886714.1.8	UTI	seq8	16615
150410886715.1.8	UTI	seq8	16615
150410886716.1.8	UTI	seq8	16615
150410886717.1.8	UTI	seq8	16615
150410886718.1.8	UTI	seq8	16615
150410886719.1.8	UTI	seq8	16615
150410886720.1.8	UTI	seq8	16615
150410886721.1.8	UTI	seq8	16615
150410886722.1.8	UTI	seq8	16615
150410886723.1.8	UTI	seq8	16615
150410886724.1.8	UTI	seq8	16615
150410886725.1.8	UTI	seq8	16615
150410886726.1.8	UTI	seq8	16615
150410886727.1.8	UTI	seq8	16615
150410886728.1.8	UTI	seq8	16615
150410886729.1.8	UTI	seq8	16615
150410886730.1.8	UTI	seq8	16615
150410886731.1.8	UTI	seq8	16615
150410886732.1.8	UTI	seq8	16615
150410886733.1.8	UTI	seq8	16615
150410886734.1.8	UTI	seq8	16615
150410886735.1.8	UTI	seq8	16615
150410886736.1.8	UTI	seq8	16615
150410886737.1.8	UTI	seq8	16615
150410886738.1.8	UTI	seq8	16615
150410886739.1.8	UTI	seq8	16615
150410886740.1.8	UTI	seq8	16615
150410886741.1.8	UTI	seq8	16615
150410886742.1.8	UTI	seq8	16615
150410886743.1.8	UTI	seq8	16615
150410886744.1.8	UTI	seq8	16615
150410886745.1.8	UTI	seq8	16615
150410886746.1.8	UTI	seq8	16615
150410886747.1.8	UTI	seq8	16615
150410886748.1.8	UTI	seq8	16615
150410886749.1.8	EMG	seq8	16615
150410886750.1.8	EMG	seq8	16615
150410886751.1.8	EMG	seq8	16615
150410886752.1.8	EMG	seq8	16615
150410886753.1.8	EMG	seq8	16615
150410886754.1.8	EMG	seq8	16615
150410886755.1.8	EMG	seq8	16615
150410886756.1.8	EMG	seq8	16615
150410886757.1.8	EMG	seq8	16615
150410886758.1.8	EMG	seq8	16615
150410886759.1.8	EMG	seq8	16615
150410886760.1.8	EMG	seq8	16615
150410886761.1.8	EMG	seq8	16615
150410886762.1.8	EMG	seq8	16615
150410886763.1.8	EMG	seq8	16615
150410886764.1.8	EMG	seq8	16615
150410886765.1.8	EMG	seq8	16615
150410886766.1.8	EMG	seq8	16615
150410886767.1.8	EMG	seq8	16615
150410886768.1.8	EMG	seq8	16615
150410886769.1.8	EMG	seq8	16615
150410886770.1.8	EMG	seq8	16615
150410886771.1.8	EMG	seq8	16615
150410886772.1.8	EMG	seq8	16615
150410886773.1.8	EMG	seq8	16615
150410886774.1.8	EMG	seq8	16615
150410886775.1.8	EMG	seq8	16615
150410886776.1.8	EMG	seq8	16615
150410886777.1.8	EMG	seq8	16615
150410886778.1.8	EMG	seq8	16615
150410886779.1.8	EMG	seq8	16615
150410886780.1.8	EMG	seq8	16615
150410886781.1.8	EMG	seq8	16615
150410886782.1.8	EMG	seq8	16615
150410886783.1.8	EMG	seq8	16615
150410886784.1.8	EMG	seq8	16615
150410886785.1.8	EMG	seq8	16615
150410886786.1.8	EMG	seq8	16615
150410886787.1.8	EMG	seq8	16615
150410886788.1.8	EMG	seq8	16615
150410886789.1.8	EMG	seq8	16615
150410886600.1.9	CRI	seq9	16485
150410886601.1.9	CRI	seq9	16485
150410886602.1.9	CRI	seq9	16485
150410886603.1.9	CRI	seq9	16485
150410886604.1.9	CRI	seq9	16485
150410886605.1.9	CRI	seq9	16485
150410886606.1.9	CRI	seq9	16485
150410886607.1.9	CRI	seq9	16485
150410886608.1.9	CRI	seq9	16485
150410886609.1.9	CRI	seq9	16485
150410886610.1.9	CRI	seq9	16485
150410886611.1.9	CRI	seq9	16485
150410886612.1.9	CRI	seq9	16485
150410886613.1.9	CRI	seq9	16485
150410886614.1.9	CRI	seq9	16485
150410886615.1.9	CRI	seq9	16485
150410886616.1.9	CRI	seq9	16485
150410886617.1.9	CRI	seq9	16485
150410886618.1.9	CRI	seq9	16485
150410886619.1.9	CRI	seq9	16485
150410886620.1.9	CRI	seq9	16485
150410886621.1.9	CRI	seq9	16485
150410886622.1.9	CRI	seq9	16485
150410886623.1.9	CRI	seq9	16485
150410886624.1.9	CRI	seq9	16485
150410886625.1.9	CRI	seq9	16485
150410886626.1.9	CRI	seq9	16485
150410886627.1.9	CRI	seq9	16485
150410886628.1.9	CMI	seq9	16485
150410886629.1.9	CMI	seq9	16485
150410886630.1.9	CMI	seq9	16485
150410886631.1.9	CMI	seq9	16485
150410886632.1.9	CMI	seq9	16485
150410886633.1.9	CMI	seq9	16485
150410886634.1.9	CMI	seq9	16485
150410886635.1.9	CMI	seq9	16485
150410886636.1.9	CMI	seq9	16485
150410886637.1.9	CMI	seq9	16485
150410886638.1.9	CMI	seq9	16485
150410886639.1.9	CMI	seq9	16485
150410886640.1.9	CMI	seq9	16485
150410886641.1.9	CMI	seq9	16485
150410886642.1.9	CMI	seq9	16485
150410886643.1.9	CMI	seq9	16485
150410886644.1.9	CMI	seq9	16485
150410886645.1.9	CMI	seq9	16485
150410886646.1.9	CMI	seq9	16485
150410886647.1.9	CMI	seq9	16485
150410886648.1.9	CMI	seq9	16485
150410886649.1.9	CMI	seq9	16485
150410886650.1.9	CMI	seq9	16485
150410886651.1.9	CMI	seq9	16485
150410886652.1.9	CMI	seq9	16485
150410886653.1.9	CMI	seq9	16485
150410886654.1.9	CMI	seq9	16485
150410886655.1.9	CMI	seq9	16485
150410886656.1.9	CMI	seq9	16485
150410886657.1.9	CC	seq9	16485
150410886658.1.9	CC	seq9	16485
150410886659.1.9	CC	seq9	16485
150410886660.1.9	CC	seq9	16485
150410886661.1.9	CC	seq9	16485
150410886662.1.9	CC	seq9	16485
150410886663.1.9	CC	seq9	16485
150410886664.1.9	CC	seq9	16485
150410886665.1.9	CC	seq9	16485
150410886666.1.9	CC	seq9	16485
150410886667.1.9	CC	seq9	16485
150410886668.1.9	CC	seq9	16485
150410886669.1.9	CC	seq9	16485
150410886670.1.9	CC	seq9	16485
150410886671.1.9	CC	seq9	16485
150410886672.1.9	CC	seq9	16485
150410886673.1.9	CC	seq9	16485
150410886674.1.9	CC	seq9	16485
150410886675.1.9	CC	seq9	16485
150410886676.1.9	CC	seq9	16485
150410886677.1.9	CC	seq9	16485
150410886678.1.9	CC	seq9	16485
150410886679.1.9	CC	seq9	16485
150410886680.1.9	CC	seq9	16485
150410886681.1.9	CC	seq9	16485
150410886682.1.9	CC	seq9	16485
150410886683.1.9	UTI	seq9	16485
150410886684.1.9	UTI	seq9	16485
150410886685.1.9	UTI	seq9	16485
150410886686.1.9	UTI	seq9	16485
150410886687.1.9	UTI	seq9	16485
150410886688.1.9	UTI	seq9	16485
150410886689.1.9	UTI	seq9	16485
150410886690.1.9	UTI	seq9	16485
150410886691.1.9	UTI	seq9	16485
150410886692.1.9	UTI	seq9	16485
150410886693.1.9	UTI	seq9	16485
150410886694.1.9	UTI	seq9	16485
150410886695.1.9	UTI	seq9	16485
150410886696.1.9	UTI	seq9	16485
150410886697.1.9	UTI	seq9	16485
150410886698.1.9	UTI	seq9	16485
150410886699.1.9	UTI	seq9	16485
150410886700.1.9	UTI	seq9	16485
150410886701.1.9	UTI	seq9	16485
150410886702.1.9	UTI	seq9	16485
150410886703.1.9	UTI	seq9	16485
150410886704.1.9	UTI	seq9	16485
150410886705.1.9	UTI	seq9	16485
150410886706.1.9	UTI	seq9	16485
150410886707.1.9	UTI	seq9	16485
150410886708.1.9	UTI	seq9	16485
150410886709.1.9	UTI	seq9	16485
150410886710.1.9	UTI	seq9	16485
150410886711.1.9	UTI	seq9	16485
150410886712.1.9	UTI	seq9	16485
150410886713.1.9	UTI	seq9	16485
150410886714.1.9	UTI	seq9	16485
150410886715.1.9	UTI	seq9	16485
150410886716.1.9	UTI	seq9	16485
150410886717.1.9	UTI	seq9	16485
150410886718.1.9	UTI	seq9	16485
150410886719.1.9	UTI	seq9	16485
150410886720.1.9	UTI	seq9	16485
150410886721.1.9	UTI	seq9	16485
150410886722.1.9	UTI	seq9	16485
150410886723.1.9	UTI	seq9	16485
150410886724.1.9	UTI	seq9	16485
150410886725.1.9	UTI	seq9	16485
150410886726.1.9	UTI	seq9	16485
150410886727.1.9	UTI	seq9	16485
150410886728.1.9	UTI	seq9	16485
150410886729.1.9	UTI	seq9	16485
150410886730.1.9	UTI	seq9	16485
150410886731.1.9	UTI	seq9	16485
150410886732.1.9	UTI	seq9	16485
150410886733.1.9	UTI	seq9	16485
150410886734.1.9	UTI	seq9	16485
150410886735.1.9	UTI	seq9	16485
150410886736.1.9	UTI	seq9	16485
150410886737.1.9	UTI	seq9	16485
150410886738.1.9	UTI	seq9	16485
150410886739.1.9	UTI	seq9	16485
150410886740.1.9	UTI	seq9	16485
150410886741.1.9	UTI	seq9	16485
150410886742.1.9	UTI	seq9	16485
150410886743.1.9	UTI	seq9	16485
150410886744.1.9	UTI	seq9	16485
150410886745.1.9	UTI	seq9	16485
150410886746.1.9	UTI	seq9	16485
150410886747.1.9	UTI	seq9	16485
150410886748.1.9	UTI	seq9	16485
150410886749.1.9	EMG	seq9	16485
150410886750.1.9	EMG	seq9	16485
150410886751.1.9	EMG	seq9	16485
150410886752.1.9	EMG	seq9	16485
150410886753.1.9	EMG	seq9	16485
150410886754.1.9	EMG	seq9	16485
150410886755.1.9	EMG	seq9	16485
150410886756.1.9	EMG	seq9	16485
150410886757.1.9	EMG	seq9	16485
150410886758.1.9	EMG	seq9	16485
150410886759.1.9	EMG	seq9	16485
150410886760.1.9	EMG	seq9	16485
150410886761.1.9	EMG	seq9	16485
150410886762.1.9	EMG	seq9	16485
150410886763.1.9	EMG	seq9	16485
150410886764.1.9	EMG	seq9	16485
150410886765.1.9	EMG	seq9	16485
150410886766.1.9	EMG	seq9	16485
150410886767.1.9	EMG	seq9	16485
150410886768.1.9	EMG	seq9	16485
150410886769.1.9	EMG	seq9	16485
150410886770.1.9	EMG	seq9	16485
150410886771.1.9	EMG	seq9	16485
150410886772.1.9	EMG	seq9	16485
150410886773.1.9	EMG	seq9	16485
150410886774.1.9	EMG	seq9	16485
150410886775.1.9	EMG	seq9	16485
150410886776.1.9	EMG	seq9	16485
150410886777.1.9	EMG	seq9	16485
150410886778.1.9	EMG	seq9	16485
150410886779.1.9	EMG	seq9	16485
150410886780.1.9	EMG	seq9	16485
150410886781.1.9	EMG	seq9	16485
150410886782.1.9	EMG	seq9	16485
150410886783.1.9	EMG	seq9	16485
150410886784.1.9	EMG	seq9	16485
150410886785.1.9	EMG	seq9	16485
150410886786.1.9	EMG	seq9	16485
150410886787.1.9	EMG	seq9	16485
150410886788.1.9	EMG	seq9	16485
150410886789.1.9	EMG	seq9	16485
150410886600.1.10	CRI	seq10	16175
150410886601.1.10	CRI	seq10	16175
150410886602.1.10	CRI	seq10	16175
150410886603.1.10	CRI	seq10	16175
150410886604.1.10	CRI	seq10	16175
150410886605.1.10	CRI	seq10	16175
150410886606.1.10	CRI	seq10	16175
150410886607.1.10	CRI	seq10	16175
150410886608.1.10	CRI	seq10	16175
150410886609.1.10	CRI	seq10	16175
150410886610.1.10	CRI	seq10	16175
150410886611.1.10	CRI	seq10	16175
150410886612.1.10	CRI	seq10	16175
150410886613.1.10	CRI	seq10	16175
150410886614.1.10	CRI	seq10	16175
150410886615.1.10	CRI	seq10	16175
150410886616.1.10	CRI	seq10	16175
150410886617.1.10	CRI	seq10	16175
150410886618.1.10	CRI	seq10	16175
150410886619.1.10	CRI	seq10	16175
150410886620.1.10	CRI	seq10	16175
150410886621.1.10	CRI	seq10	16175
150410886622.1.10	CRI	seq10	16175
150410886623.1.10	CRI	seq10	16175
150410886624.1.10	CRI	seq10	16175
150410886625.1.10	CRI	seq10	16175
150410886626.1.10	CRI	seq10	16175
150410886627.1.10	CRI	seq10	16175
150410886628.1.10	CMI	seq10	16175
150410886629.1.10	CMI	seq10	16175
150410886630.1.10	CMI	seq10	16175
150410886631.1.10	CMI	seq10	16175
150410886632.1.10	CMI	seq10	16175
150410886633.1.10	CMI	seq10	16175
150410886634.1.10	CMI	seq10	16175
150410886635.1.10	CMI	seq10	16175
150410886636.1.10	CMI	seq10	16175
150410886637.1.10	CMI	seq10	16175
150410886638.1.10	CMI	seq10	16175
150410886639.1.10	CMI	seq10	16175
150410886640.1.10	CMI	seq10	16175
150410886641.1.10	CMI	seq10	16175
150410886642.1.10	CMI	seq10	16175
150410886643.1.10	CMI	seq10	16175
150410886644.1.10	CMI	seq10	16175
150410886645.1.10	CMI	seq10	16175
150410886646.1.10	CMI	seq10	16175
150410886647.1.10	CMI	seq10	16175
150410886648.1.10	CMI	seq10	16175
150410886649.1.10	CMI	seq10	16175
150410886650.1.10	CMI	seq10	16175
150410886651.1.10	CMI	seq10	16175
150410886652.1.10	CMI	seq10	16175
150410886653.1.10	CMI	seq10	16175
150410886654.1.10	CMI	seq10	16175
150410886655.1.10	CMI	seq10	16175
150410886656.1.10	CMI	seq10	16175
150410886657.1.10	CC	seq10	16175
150410886658.1.10	CC	seq10	16175
150410886659.1.10	CC	seq10	16175
150410886660.1.10	CC	seq10	16175
150410886661.1.10	CC	seq10	16175
150410886662.1.10	CC	seq10	16175
150410886663.1.10	CC	seq10	16175
150410886664.1.10	CC	seq10	16175
150410886665.1.10	CC	seq10	16175
150410886666.1.10	CC	seq10	16175
150410886667.1.10	CC	seq10	16175
150410886668.1.10	CC	seq10	16175
150410886669.1.10	CC	seq10	16175
150410886670.1.10	CC	seq10	16175
150410886671.1.10	CC	seq10	16175
150410886672.1.10	CC	seq10	16175
150410886673.1.10	CC	seq10	16175
150410886674.1.10	CC	seq10	16175
150410886675.1.10	CC	seq10	16175
150410886676.1.10	CC	seq10	16175
150410886677.1.10	CC	seq10	16175
150410886678.1.10	CC	seq10	16175
150410886679.1.10	CC	seq10	16175
150410886680.1.10	CC	seq10	16175
150410886681.1.10	CC	seq10	16175
150410886682.1.10	CC	seq10	16175
150410886683.1.10	UTI	seq10	16175
150410886684.1.10	UTI	seq10	16175
150410886685.1.10	UTI	seq10	16175
150410886686.1.10	UTI	seq10	16175
150410886687.1.10	UTI	seq10	16175
150410886688.1.10	UTI	seq10	16175
150410886689.1.10	UTI	seq10	16175
150410886690.1.10	UTI	seq10	16175
150410886691.1.10	UTI	seq10	16175
150410886692.1.10	UTI	seq10	16175
150410886693.1.10	UTI	seq10	16175
150410886694.1.10	UTI	seq10	16175
150410886695.1.10	UTI	seq10	16175
150410886696.1.10	UTI	seq10	16175
150410886697.1.10	UTI	seq10	16175
150410886698.1.10	UTI	seq10	16175
150410886699.1.10	UTI	seq10	16175
150410886700.1.10	UTI	seq10	16175
150410886701.1.10	UTI	seq10	16175
150410886702.1.10	UTI	seq10	16175
150410886703.1.10	UTI	seq10	16175
150410886704.1.10	UTI	seq10	16175
150410886705.1.10	UTI	seq10	16175
150410886706.1.10	UTI	seq10	16175
150410886707.1.10	UTI	seq10	16175
150410886708.1.10	UTI	seq10	16175
150410886709.1.10	UTI	seq10	16175
150410886710.1.10	UTI	seq10	16175
150410886711.1.10	UTI	seq10	16175
150410886712.1.10	UTI	seq10	16175
150410886713.1.10	UTI	seq10	16175
150410886714.1.10	UTI	seq10	16175
150410886715.1.10	UTI	seq10	16175
150410886716.1.10	UTI	seq10	16175
150410886717.1.10	UTI	seq10	16175
150410886718.1.10	UTI	seq10	16175
150410886719.1.10	UTI	seq10	16175
150410886720.1.10	UTI	seq10	16175
150410886721.1.10	UTI	seq10	16175
150410886722.1.10	UTI	seq10	16175
150410886723.1.10	UTI	seq10	16175
150410886724.1.10	UTI	seq10	16175
150410886725.1.10	UTI	seq10	16175
150410886726.1.10	UTI	seq10	16175
150410886727.1.10	UTI	seq10	16175
150410886728.1.10	UTI	seq10	16175
150410886729.1.10	UTI	seq10	16175
150410886730.1.10	UTI	seq10	16175
150410886731.1.10	UTI	seq10	16175
150410886732.1.10	UTI	seq10	16175
150410886733.1.10	UTI	seq10	16175
150410886734.1.10	UTI	seq10	16175
150410886735.1.10	UTI	seq10	16175
150410886736.1.10	UTI	seq10	16175
150410886737.1.10	UTI	seq10	16175
150410886738.1.10	UTI	seq10	16175
150410886739.1.10	UTI	seq10	16175
150410886740.1.10	UTI	seq10	16175
150410886741.1.10	UTI	seq10	16175
150410886742.1.10	UTI	seq10	16175
150410886743.1.10	UTI	seq10	16175
150410886744.1.10	UTI	seq10	16175
150410886745.1.10	UTI	seq10	16175
150410886746.1.10	UTI	seq10	16175
150410886747.1.10	UTI	seq10	16175
150410886748.1.10	UTI	seq10	16175
150410886749.1.10	EMG	seq10	16175
150410886750.1.10	EMG	seq10	16175
150410886751.1.10	EMG	seq10	16175
150410886752.1.10	EMG	seq10	16175
150410886753.1.10	EMG	seq10	16175
150410886754.1.10	EMG	seq10	16175
150410886755.1.10	EMG	seq10	16175
150410886756.1.10	EMG	seq10	16175
150410886757.1.10	EMG	seq10	16175
150410886758.1.10	EMG	seq10	16175
150410886759.1.10	EMG	seq10	16175
150410886760.1.10	EMG	seq10	16175
150410886761.1.10	EMG	seq10	16175
150410886762.1.10	EMG	seq10	16175
150410886763.1.10	EMG	seq10	16175
150410886764.1.10	EMG	seq10	16175
150410886765.1.10	EMG	seq10	16175
150410886766.1.10	EMG	seq10	16175
150410886767.1.10	EMG	seq10	16175
150410886768.1.10	EMG	seq10	16175
150410886769.1.10	EMG	seq10	16175
150410886770.1.10	EMG	seq10	16175
150410886771.1.10	EMG	seq10	16175
150410886772.1.10	EMG	seq10	16175
150410886773.1.10	EMG	seq10	16175
150410886774.1.10	EMG	seq10	16175
150410886775.1.10	EMG	seq10	16175
150410886776.1.10	EMG	seq10	16175
150410886777.1.10	EMG	seq10	16175
150410886778.1.10	EMG	seq10	16175
150410886779.1.10	EMG	seq10	16175
150410886780.1.10	EMG	seq10	16175
150410886781.1.10	EMG	seq10	16175
150410886782.1.10	EMG	seq10	16175
150410886783.1.10	EMG	seq10	16175
150410886784.1.10	EMG	seq10	16175
150410886785.1.10	EMG	seq10	16175
150410886786.1.10	EMG	seq10	16175
150410886787.1.10	EMG	seq10	16175
150410886788.1.10	EMG	seq10	16175
150410886789.1.10	EMG	seq10	16175
150410886600.1.11	CRI	seq11	11745
150410886601.1.11	CRI	seq11	11745
150410886602.1.11	CRI	seq11	11745
150410886603.1.11	CRI	seq11	11745
150410886604.1.11	CRI	seq11	11745
150410886605.1.11	CRI	seq11	11745
150410886606.1.11	CRI	seq11	11745
150410886607.1.11	CRI	seq11	11745
150410886608.1.11	CRI	seq11	11745
150410886609.1.11	CRI	seq11	11745
150410886610.1.11	CRI	seq11	11745
150410886611.1.11	CRI	seq11	11745
150410886612.1.11	CRI	seq11	11745
150410886613.1.11	CRI	seq11	11745
150410886614.1.11	CRI	seq11	11745
150410886615.1.11	CRI	seq11	11745
150410886616.1.11	CRI	seq11	11745
150410886617.1.11	CRI	seq11	11745
150410886618.1.11	CRI	seq11	11745
150410886619.1.11	CRI	seq11	11745
150410886620.1.11	CRI	seq11	11745
150410886621.1.11	CRI	seq11	11745
150410886622.1.11	CRI	seq11	11745
150410886623.1.11	CRI	seq11	11745
150410886624.1.11	CRI	seq11	11745
150410886625.1.11	CRI	seq11	11745
150410886626.1.11	CRI	seq11	11745
150410886627.1.11	CRI	seq11	11745
150410886628.1.11	CMI	seq11	11745
150410886629.1.11	CMI	seq11	11745
150410886630.1.11	CMI	seq11	11745
150410886631.1.11	CMI	seq11	11745
150410886632.1.11	CMI	seq11	11745
150410886633.1.11	CMI	seq11	11745
150410886634.1.11	CMI	seq11	11745
150410886635.1.11	CMI	seq11	11745
150410886636.1.11	CMI	seq11	11745
150410886637.1.11	CMI	seq11	11745
150410886638.1.11	CMI	seq11	11745
150410886639.1.11	CMI	seq11	11745
150410886640.1.11	CMI	seq11	11745
150410886641.1.11	CMI	seq11	11745
150410886642.1.11	CMI	seq11	11745
150410886643.1.11	CMI	seq11	11745
150410886644.1.11	CMI	seq11	11745
150410886645.1.11	CMI	seq11	11745
150410886646.1.11	CMI	seq11	11745
150410886647.1.11	CMI	seq11	11745
150410886648.1.11	CMI	seq11	11745
150410886649.1.11	CMI	seq11	11745
150410886650.1.11	CMI	seq11	11745
150410886651.1.11	CMI	seq11	11745
150410886652.1.11	CMI	seq11	11745
150410886653.1.11	CMI	seq11	11745
150410886654.1.11	CMI	seq11	11745
150410886655.1.11	CMI	seq11	11745
150410886656.1.11	CMI	seq11	11745
150410886657.1.11	CC	seq11	11745
150410886658.1.11	CC	seq11	11745
150410886659.1.11	CC	seq11	11745
150410886660.1.11	CC	seq11	11745
150410886661.1.11	CC	seq11	11745
150410886662.1.11	CC	seq11	11745
150410886663.1.11	CC	seq11	11745
150410886664.1.11	CC	seq11	11745
150410886665.1.11	CC	seq11	11745
150410886666.1.11	CC	seq11	11745
150410886667.1.11	CC	seq11	11745
150410886668.1.11	CC	seq11	11745
150410886669.1.11	CC	seq11	11745
150410886670.1.11	CC	seq11	11745
150410886671.1.11	CC	seq11	11745
150410886672.1.11	CC	seq11	11745
150410886673.1.11	CC	seq11	11745
150410886674.1.11	CC	seq11	11745
150410886675.1.11	CC	seq11	11745
150410886676.1.11	CC	seq11	11745
150410886677.1.11	CC	seq11	11745
150410886678.1.11	CC	seq11	11745
150410886679.1.11	CC	seq11	11745
150410886680.1.11	CC	seq11	11745
150410886681.1.11	CC	seq11	11745
150410886682.1.11	CC	seq11	11745
150410886683.1.11	UTI	seq11	11745
150410886684.1.11	UTI	seq11	11745
150410886685.1.11	UTI	seq11	11745
150410886686.1.11	UTI	seq11	11745
150410886687.1.11	UTI	seq11	11745
150410886688.1.11	UTI	seq11	11745
150410886689.1.11	UTI	seq11	11745
150410886690.1.11	UTI	seq11	11745
150410886691.1.11	UTI	seq11	11745
150410886692.1.11	UTI	seq11	11745
150410886693.1.11	UTI	seq11	11745
150410886694.1.11	UTI	seq11	11745
150410886695.1.11	UTI	seq11	11745
150410886696.1.11	UTI	seq11	11745
150410886697.1.11	UTI	seq11	11745
150410886698.1.11	UTI	seq11	11745
150410886699.1.11	UTI	seq11	11745
150410886700.1.11	UTI	seq11	11745
150410886701.1.11	UTI	seq11	11745
150410886702.1.11	UTI	seq11	11745
150410886703.1.11	UTI	seq11	11745
150410886704.1.11	UTI	seq11	11745
150410886705.1.11	UTI	seq11	11745
150410886706.1.11	UTI	seq11	11745
150410886707.1.11	UTI	seq11	11745
150410886708.1.11	UTI	seq11	11745
150410886709.1.11	UTI	seq11	11745
150410886710.1.11	UTI	seq11	11745
150410886711.1.11	UTI	seq11	11745
150410886712.1.11	UTI	seq11	11745
150410886713.1.11	UTI	seq11	11745
150410886714.1.11	UTI	seq11	11745
150410886715.1.11	UTI	seq11	11745
150410886716.1.11	UTI	seq11	11745
150410886717.1.11	UTI	seq11	11745
150410886718.1.11	UTI	seq11	11745
150410886719.1.11	UTI	seq11	11745
150410886720.1.11	UTI	seq11	11745
150410886721.1.11	UTI	seq11	11745
150410886722.1.11	UTI	seq11	11745
150410886723.1.11	UTI	seq11	11745
150410886724.1.11	UTI	seq11	11745
150410886725.1.11	UTI	seq11	11745
150410886726.1.11	UTI	seq11	11745
150410886727.1.11	UTI	seq11	11745
150410886728.1.11	UTI	seq11	11745
150410886729.1.11	UTI	seq11	11745
150410886730.1.11	UTI	seq11	11745
150410886731.1.11	UTI	seq11	11745
150410886732.1.11	UTI	seq11	11745
150410886733.1.11	UTI	seq11	11745
150410886734.1.11	UTI	seq11	11745
150410886735.1.11	UTI	seq11	11745
150410886736.1.11	UTI	seq11	11745
150410886737.1.11	UTI	seq11	11745
150410886738.1.11	UTI	seq11	11745
150410886739.1.11	UTI	seq11	11745
150410886740.1.11	UTI	seq11	11745
150410886741.1.11	UTI	seq11	11745
150410886742.1.11	UTI	seq11	11745
150410886743.1.11	UTI	seq11	11745
150410886744.1.11	UTI	seq11	11745
150410886745.1.11	UTI	seq11	11745
150410886746.1.11	UTI	seq11	11745
150410886747.1.11	UTI	seq11	11745
150410886748.1.11	UTI	seq11	11745
150410886749.1.11	EMG	seq11	11745
150410886750.1.11	EMG	seq11	11745
150410886751.1.11	EMG	seq11	11745
150410886752.1.11	EMG	seq11	11745
150410886753.1.11	EMG	seq11	11745
150410886754.1.11	EMG	seq11	11745
150410886755.1.11	EMG	seq11	11745
150410886756.1.11	EMG	seq11	11745
150410886757.1.11	EMG	seq11	11745
150410886758.1.11	EMG	seq11	11745
150410886759.1.11	EMG	seq11	11745
150410886760.1.11	EMG	seq11	11745
150410886761.1.11	EMG	seq11	11745
150410886762.1.11	EMG	seq11	11745
150410886763.1.11	EMG	seq11	11745
150410886764.1.11	EMG	seq11	11745
150410886765.1.11	EMG	seq11	11745
150410886766.1.11	EMG	seq11	11745
150410886767.1.11	EMG	seq11	11745
150410886768.1.11	EMG	seq11	11745
150410886769.1.11	EMG	seq11	11745
150410886770.1.11	EMG	seq11	11745
150410886771.1.11	EMG	seq11	11745
150410886772.1.11	EMG	seq11	11745
150410886773.1.11	EMG	seq11	11745
150410886774.1.11	EMG	seq11	11745
150410886775.1.11	EMG	seq11	11745
150410886776.1.11	EMG	seq11	11745
150410886777.1.11	EMG	seq11	11745
150410886778.1.11	EMG	seq11	11745
150410886779.1.11	EMG	seq11	11745
150410886780.1.11	EMG	seq11	11745
150410886781.1.11	EMG	seq11	11745
150410886782.1.11	EMG	seq11	11745
150410886783.1.11	EMG	seq11	11745
150410886784.1.11	EMG	seq11	11745
150410886785.1.11	EMG	seq11	11745
150410886786.1.11	EMG	seq11	11745
150410886787.1.11	EMG	seq11	11745
150410886788.1.11	EMG	seq11	11745
150410886789.1.11	EMG	seq11	11745
150410886600.1.12	CRI	seq12	11380
150410886601.1.12	CRI	seq12	11380
150410886602.1.12	CRI	seq12	11380
150410886603.1.12	CRI	seq12	11380
150410886604.1.12	CRI	seq12	11380
150410886605.1.12	CRI	seq12	11380
150410886606.1.12	CRI	seq12	11380
150410886607.1.12	CRI	seq12	11380
150410886608.1.12	CRI	seq12	11380
150410886609.1.12	CRI	seq12	11380
150410886610.1.12	CRI	seq12	11380
150410886611.1.12	CRI	seq12	11380
150410886612.1.12	CRI	seq12	11380
150410886613.1.12	CRI	seq12	11380
150410886614.1.12	CRI	seq12	11380
150410886615.1.12	CRI	seq12	11380
150410886616.1.12	CRI	seq12	11380
150410886617.1.12	CRI	seq12	11380
150410886618.1.12	CRI	seq12	11380
150410886619.1.12	CRI	seq12	11380
150410886620.1.12	CRI	seq12	11380
150410886621.1.12	CRI	seq12	11380
150410886622.1.12	CRI	seq12	11380
150410886623.1.12	CRI	seq12	11380
150410886624.1.12	CRI	seq12	11380
150410886625.1.12	CRI	seq12	11380
150410886626.1.12	CRI	seq12	11380
150410886627.1.12	CRI	seq12	11380
150410886628.1.12	CMI	seq12	11380
150410886629.1.12	CMI	seq12	11380
150410886630.1.12	CMI	seq12	11380
150410886631.1.12	CMI	seq12	11380
150410886632.1.12	CMI	seq12	11380
150410886633.1.12	CMI	seq12	11380
150410886634.1.12	CMI	seq12	11380
150410886635.1.12	CMI	seq12	11380
150410886636.1.12	CMI	seq12	11380
150410886637.1.12	CMI	seq12	11380
150410886638.1.12	CMI	seq12	11380
150410886639.1.12	CMI	seq12	11380
150410886640.1.12	CMI	seq12	11380
150410886641.1.12	CMI	seq12	11380
150410886642.1.12	CMI	seq12	11380
150410886643.1.12	CMI	seq12	11380
150410886644.1.12	CMI	seq12	11380
150410886645.1.12	CMI	seq12	11380
150410886646.1.12	CMI	seq12	11380
150410886647.1.12	CMI	seq12	11380
150410886648.1.12	CMI	seq12	11380
150410886649.1.12	CMI	seq12	11380
150410886650.1.12	CMI	seq12	11380
150410886651.1.12	CMI	seq12	11380
150410886652.1.12	CMI	seq12	11380
150410886653.1.12	CMI	seq12	11380
150410886654.1.12	CMI	seq12	11380
150410886655.1.12	CMI	seq12	11380
150410886656.1.12	CMI	seq12	11380
150410886657.1.12	CC	seq12	11380
150410886658.1.12	CC	seq12	11380
150410886659.1.12	CC	seq12	11380
150410886660.1.12	CC	seq12	11380
150410886661.1.12	CC	seq12	11380
150410886662.1.12	CC	seq12	11380
150410886663.1.12	CC	seq12	11380
150410886664.1.12	CC	seq12	11380
150410886665.1.12	CC	seq12	11380
150410886666.1.12	CC	seq12	11380
150410886667.1.12	CC	seq12	11380
150410886668.1.12	CC	seq12	11380
150410886669.1.12	CC	seq12	11380
150410886670.1.12	CC	seq12	11380
150410886671.1.12	CC	seq12	11380
150410886672.1.12	CC	seq12	11380
150410886673.1.12	CC	seq12	11380
150410886674.1.12	CC	seq12	11380
150410886675.1.12	CC	seq12	11380
150410886676.1.12	CC	seq12	11380
150410886677.1.12	CC	seq12	11380
150410886678.1.12	CC	seq12	11380
150410886679.1.12	CC	seq12	11380
150410886680.1.12	CC	seq12	11380
150410886681.1.12	CC	seq12	11380
150410886682.1.12	CC	seq12	11380
150410886683.1.12	UTI	seq12	11380
150410886684.1.12	UTI	seq12	11380
150410886685.1.12	UTI	seq12	11380
150410886686.1.12	UTI	seq12	11380
150410886687.1.12	UTI	seq12	11380
150410886688.1.12	UTI	seq12	11380
150410886689.1.12	UTI	seq12	11380
150410886690.1.12	UTI	seq12	11380
150410886691.1.12	UTI	seq12	11380
150410886692.1.12	UTI	seq12	11380
150410886693.1.12	UTI	seq12	11380
150410886694.1.12	UTI	seq12	11380
150410886695.1.12	UTI	seq12	11380
150410886696.1.12	UTI	seq12	11380
150410886697.1.12	UTI	seq12	11380
150410886698.1.12	UTI	seq12	11380
150410886699.1.12	UTI	seq12	11380
150410886700.1.12	UTI	seq12	11380
150410886701.1.12	UTI	seq12	11380
150410886702.1.12	UTI	seq12	11380
150410886703.1.12	UTI	seq12	11380
150410886704.1.12	UTI	seq12	11380
150410886705.1.12	UTI	seq12	11380
150410886706.1.12	UTI	seq12	11380
150410886707.1.12	UTI	seq12	11380
150410886708.1.12	UTI	seq12	11380
150410886709.1.12	UTI	seq12	11380
150410886710.1.12	UTI	seq12	11380
150410886711.1.12	UTI	seq12	11380
150410886712.1.12	UTI	seq12	11380
150410886713.1.12	UTI	seq12	11380
150410886714.1.12	UTI	seq12	11380
150410886715.1.12	UTI	seq12	11380
150410886716.1.12	UTI	seq12	11380
150410886717.1.12	UTI	seq12	11380
150410886718.1.12	UTI	seq12	11380
150410886719.1.12	UTI	seq12	11380
150410886720.1.12	UTI	seq12	11380
150410886721.1.12	UTI	seq12	11380
150410886722.1.12	UTI	seq12	11380
150410886723.1.12	UTI	seq12	11380
150410886724.1.12	UTI	seq12	11380
150410886725.1.12	UTI	seq12	11380
150410886726.1.12	UTI	seq12	11380
150410886727.1.12	UTI	seq12	11380
150410886728.1.12	UTI	seq12	11380
150410886729.1.12	UTI	seq12	11380
150410886730.1.12	UTI	seq12	11380
150410886731.1.12	UTI	seq12	11380
150410886732.1.12	UTI	seq12	11380
150410886733.1.12	UTI	seq12	11380
150410886734.1.12	UTI	seq12	11380
150410886735.1.12	UTI	seq12	11380
150410886736.1.12	UTI	seq12	11380
150410886737.1.12	UTI	seq12	11380
150410886738.1.12	UTI	seq12	11380
150410886739.1.12	UTI	seq12	11380
150410886740.1.12	UTI	seq12	11380
150410886741.1.12	UTI	seq12	11380
150410886742.1.12	UTI	seq12	11380
150410886743.1.12	UTI	seq12	11380
150410886744.1.12	UTI	seq12	11380
150410886745.1.12	UTI	seq12	11380
150410886746.1.12	UTI	seq12	11380
150410886747.1.12	UTI	seq12	11380
150410886748.1.12	UTI	seq12	11380
150410886749.1.12	EMG	seq12	11380
150410886750.1.12	EMG	seq12	11380
150410886751.1.12	EMG	seq12	11380
150410886752.1.12	EMG	seq12	11380
150410886753.1.12	EMG	seq12	11380
150410886754.1.12	EMG	seq12	11380
150410886755.1.12	EMG	seq12	11380
150410886756.1.12	EMG	seq12	11380
150410886757.1.12	EMG	seq12	11380
150410886758.1.12	EMG	seq12	11380
150410886759.1.12	EMG	seq12	11380
150410886760.1.12	EMG	seq12	11380
150410886761.1.12	EMG	seq12	11380
150410886762.1.12	EMG	seq12	11380
150410886763.1.12	EMG	seq12	11380
150410886764.1.12	EMG	seq12	11380
150410886765.1.12	EMG	seq12	11380
150410886766.1.12	EMG	seq12	11380
150410886767.1.12	EMG	seq12	11380
150410886768.1.12	EMG	seq12	11380
150410886769.1.12	EMG	seq12	11380
150410886770.1.12	EMG	seq12	11380
150410886771.1.12	EMG	seq12	11380
150410886772.1.12	EMG	seq12	11380
150410886773.1.12	EMG	seq12	11380
150410886774.1.12	EMG	seq12	11380
150410886775.1.12	EMG	seq12	11380
150410886776.1.12	EMG	seq12	11380
150410886777.1.12	EMG	seq12	11380
150410886778.1.12	EMG	seq12	11380
150410886779.1.12	EMG	seq12	11380
150410886780.1.12	EMG	seq12	11380
150410886781.1.12	EMG	seq12	11380
150410886782.1.12	EMG	seq12	11380
150410886783.1.12	EMG	seq12	11380
150410886784.1.12	EMG	seq12	11380
150410886785.1.12	EMG	seq12	11380
150410886786.1.12	EMG	seq12	11380
150410886787.1.12	EMG	seq12	11380
150410886788.1.12	EMG	seq12	11380
150410886789.1.12	EMG	seq12	11380
150410886600.1.13	CRI	seq13	7891
150410886601.1.13	CRI	seq13	7891
150410886602.1.13	CRI	seq13	7891
150410886603.1.13	CRI	seq13	7891
150410886604.1.13	CRI	seq13	7891
150410886605.1.13	CRI	seq13	7891
150410886606.1.13	CRI	seq13	7891
150410886607.1.13	CRI	seq13	7891
150410886608.1.13	CRI	seq13	7891
150410886609.1.13	CRI	seq13	7891
150410886610.1.13	CRI	seq13	7891
150410886611.1.13	CRI	seq13	7891
150410886612.1.13	CRI	seq13	7891
150410886613.1.13	CRI	seq13	7891
150410886614.1.13	CRI	seq13	7891
150410886615.1.13	CRI	seq13	7891
150410886616.1.13	CRI	seq13	7891
150410886617.1.13	CRI	seq13	7891
150410886618.1.13	CRI	seq13	7891
150410886619.1.13	CRI	seq13	7891
150410886620.1.13	CRI	seq13	7891
150410886621.1.13	CRI	seq13	7891
150410886622.1.13	CRI	seq13	7891
150410886623.1.13	CRI	seq13	7891
150410886624.1.13	CRI	seq13	7891
150410886625.1.13	CRI	seq13	7891
150410886626.1.13	CRI	seq13	7891
150410886627.1.13	CRI	seq13	7891
150410886628.1.13	CMI	seq13	7891
150410886629.1.13	CMI	seq13	7891
150410886630.1.13	CMI	seq13	7891
150410886631.1.13	CMI	seq13	7891
150410886632.1.13	CMI	seq13	7891
150410886633.1.13	CMI	seq13	7891
150410886634.1.13	CMI	seq13	7891
150410886635.1.13	CMI	seq13	7891
150410886636.1.13	CMI	seq13	7891
150410886637.1.13	CMI	seq13	7891
150410886638.1.13	CMI	seq13	7891
150410886639.1.13	CMI	seq13	7891
150410886640.1.13	CMI	seq13	7891
150410886641.1.13	CMI	seq13	7891
150410886642.1.13	CMI	seq13	7891
150410886643.1.13	CMI	seq13	7891
150410886644.1.13	CMI	seq13	7891
150410886645.1.13	CMI	seq13	7891
150410886646.1.13	CMI	seq13	7891
150410886647.1.13	CMI	seq13	7891
150410886648.1.13	CMI	seq13	7891
150410886649.1.13	CMI	seq13	7891
150410886650.1.13	CMI	seq13	7891
150410886651.1.13	CMI	seq13	7891
150410886652.1.13	CMI	seq13	7891
150410886653.1.13	CMI	seq13	7891
150410886654.1.13	CMI	seq13	7891
150410886655.1.13	CMI	seq13	7891
150410886656.1.13	CMI	seq13	7891
150410886657.1.13	CC	seq13	7891
150410886658.1.13	CC	seq13	7891
150410886659.1.13	CC	seq13	7891
150410886660.1.13	CC	seq13	7891
150410886661.1.13	CC	seq13	7891
150410886662.1.13	CC	seq13	7891
150410886663.1.13	CC	seq13	7891
150410886664.1.13	CC	seq13	7891
150410886665.1.13	CC	seq13	7891
150410886666.1.13	CC	seq13	7891
150410886667.1.13	CC	seq13	7891
150410886668.1.13	CC	seq13	7891
150410886669.1.13	CC	seq13	7891
150410886670.1.13	CC	seq13	7891
150410886671.1.13	CC	seq13	7891
150410886672.1.13	CC	seq13	7891
150410886673.1.13	CC	seq13	7891
150410886674.1.13	CC	seq13	7891
150410886675.1.13	CC	seq13	7891
150410886676.1.13	CC	seq13	7891
150410886677.1.13	CC	seq13	7891
150410886678.1.13	CC	seq13	7891
150410886679.1.13	CC	seq13	7891
150410886680.1.13	CC	seq13	7891
150410886681.1.13	CC	seq13	7891
150410886682.1.13	CC	seq13	7891
150410886683.1.13	UTI	seq13	7891
150410886684.1.13	UTI	seq13	7891
150410886685.1.13	UTI	seq13	7891
150410886686.1.13	UTI	seq13	7891
150410886687.1.13	UTI	seq13	7891
150410886688.1.13	UTI	seq13	7891
150410886689.1.13	UTI	seq13	7891
150410886690.1.13	UTI	seq13	7891
150410886691.1.13	UTI	seq13	7891
150410886692.1.13	UTI	seq13	7891
150410886693.1.13	UTI	seq13	7891
150410886694.1.13	UTI	seq13	7891
150410886695.1.13	UTI	seq13	7891
150410886696.1.13	UTI	seq13	7891
150410886697.1.13	UTI	seq13	7891
150410886698.1.13	UTI	seq13	7891
150410886699.1.13	UTI	seq13	7891
150410886700.1.13	UTI	seq13	7891
150410886701.1.13	UTI	seq13	7891
150410886702.1.13	UTI	seq13	7891
150410886703.1.13	UTI	seq13	7891
150410886704.1.13	UTI	seq13	7891
150410886705.1.13	UTI	seq13	7891
150410886706.1.13	UTI	seq13	7891
150410886707.1.13	UTI	seq13	7891
150410886708.1.13	UTI	seq13	7891
150410886709.1.13	UTI	seq13	7891
150410886710.1.13	UTI	seq13	7891
150410886711.1.13	UTI	seq13	7891
150410886712.1.13	UTI	seq13	7891
150410886713.1.13	UTI	seq13	7891
150410886714.1.13	UTI	seq13	7891
150410886715.1.13	UTI	seq13	7891
150410886716.1.13	UTI	seq13	7891
150410886717.1.13	UTI	seq13	7891
150410886718.1.13	UTI	seq13	7891
150410886719.1.13	UTI	seq13	7891
150410886720.1.13	UTI	seq13	7891
150410886721.1.13	UTI	seq13	7891
150410886722.1.13	UTI	seq13	7891
150410886723.1.13	UTI	seq13	7891
150410886724.1.13	UTI	seq13	7891
150410886725.1.13	UTI	seq13	7891
150410886726.1.13	UTI	seq13	7891
150410886727.1.13	UTI	seq13	7891
150410886728.1.13	UTI	seq13	7891
150410886729.1.13	UTI	seq13	7891
150410886730.1.13	UTI	seq13	7891
150410886731.1.13	UTI	seq13	7891
150410886732.1.13	UTI	seq13	7891
150410886733.1.13	UTI	seq13	7891
150410886734.1.13	UTI	seq13	7891
150410886735.1.13	UTI	seq13	7891
150410886736.1.13	UTI	seq13	7891
150410886737.1.13	UTI	seq13	7891
150410886738.1.13	UTI	seq13	7891
150410886739.1.13	UTI	seq13	7891
150410886740.1.13	UTI	seq13	7891
150410886741.1.13	UTI	seq13	7891
150410886742.1.13	UTI	seq13	7891
150410886743.1.13	UTI	seq13	7891
150410886744.1.13	UTI	seq13	7891
150410886745.1.13	UTI	seq13	7891
150410886746.1.13	UTI	seq13	7891
150410886747.1.13	UTI	seq13	7891
150410886748.1.13	UTI	seq13	7891
150410886749.1.13	EMG	seq13	7891
150410886750.1.13	EMG	seq13	7891
150410886751.1.13	EMG	seq13	7891
150410886752.1.13	EMG	seq13	7891
150410886753.1.13	EMG	seq13	7891
150410886754.1.13	EMG	seq13	7891
150410886755.1.13	EMG	seq13	7891
150410886756.1.13	EMG	seq13	7891
150410886757.1.13	EMG	seq13	7891
150410886758.1.13	EMG	seq13	7891
150410886759.1.13	EMG	seq13	7891
150410886760.1.13	EMG	seq13	7891
150410886761.1.13	EMG	seq13	7891
150410886762.1.13	EMG	seq13	7891
150410886763.1.13	EMG	seq13	7891
150410886764.1.13	EMG	seq13	7891
150410886765.1.13	EMG	seq13	7891
150410886766.1.13	EMG	seq13	7891
150410886767.1.13	EMG	seq13	7891
150410886768.1.13	EMG	seq13	7891
150410886769.1.13	EMG	seq13	7891
150410886770.1.13	EMG	seq13	7891
150410886771.1.13	EMG	seq13	7891
150410886772.1.13	EMG	seq13	7891
150410886773.1.13	EMG	seq13	7891
150410886774.1.13	EMG	seq13	7891
150410886775.1.13	EMG	seq13	7891
150410886776.1.13	EMG	seq13	7891
150410886777.1.13	EMG	seq13	7891
150410886778.1.13	EMG	seq13	7891
150410886779.1.13	EMG	seq13	7891
150410886780.1.13	EMG	seq13	7891
150410886781.1.13	EMG	seq13	7891
150410886782.1.13	EMG	seq13	7891
150410886783.1.13	EMG	seq13	7891
150410886784.1.13	EMG	seq13	7891
150410886785.1.13	EMG	seq13	7891
150410886786.1.13	EMG	seq13	7891
150410886787.1.13	EMG	seq13	7891
150410886788.1.13	EMG	seq13	7891
150410886789.1.13	EMG	seq13	7891
150410886600.1.14	CRI	seq14	60000
150410886601.1.14	CRI	seq14	60000
150410886602.1.14	CRI	seq14	60000
150410886603.1.14	CRI	seq14	60000
150410886604.1.14	CRI	seq14	60000
150410886605.1.14	CRI	seq14	60000
150410886606.1.14	CRI	seq14	60000
150410886607.1.14	CRI	seq14	60000
150410886608.1.14	CRI	seq14	60000
150410886609.1.14	CRI	seq14	60000
150410886610.1.14	CRI	seq14	60000
150410886611.1.14	CRI	seq14	60000
150410886612.1.14	CRI	seq14	60000
150410886613.1.14	CRI	seq14	60000
150410886614.1.14	CRI	seq14	60000
150410886615.1.14	CRI	seq14	60000
150410886616.1.14	CRI	seq14	60000
150410886617.1.14	CRI	seq14	60000
150410886618.1.14	CRI	seq14	60000
150410886619.1.14	CRI	seq14	60000
150410886620.1.14	CRI	seq14	60000
150410886621.1.14	CRI	seq14	60000
150410886622.1.14	CRI	seq14	60000
150410886623.1.14	CRI	seq14	60000
150410886624.1.14	CRI	seq14	60000
150410886625.1.14	CRI	seq14	60000
150410886626.1.14	CRI	seq14	60000
150410886627.1.14	CRI	seq14	60000
150410886628.1.14	CMI	seq14	60000
150410886629.1.14	CMI	seq14	60000
150410886630.1.14	CMI	seq14	60000
150410886631.1.14	CMI	seq14	60000
150410886632.1.14	CMI	seq14	60000
150410886633.1.14	CMI	seq14	60000
150410886634.1.14	CMI	seq14	60000
150410886635.1.14	CMI	seq14	60000
150410886636.1.14	CMI	seq14	60000
150410886637.1.14	CMI	seq14	60000
150410886638.1.14	CMI	seq14	60000
150410886639.1.14	CMI	seq14	60000
150410886640.1.14	CMI	seq14	60000
150410886641.1.14	CMI	seq14	60000
150410886642.1.14	CMI	seq14	60000
150410886643.1.14	CMI	seq14	60000
150410886644.1.14	CMI	seq14	60000
150410886645.1.14	CMI	seq14	60000
150410886646.1.14	CMI	seq14	60000
150410886647.1.14	CMI	seq14	60000
150410886648.1.14	CMI	seq14	60000
150410886649.1.14	CMI	seq14	60000
150410886650.1.14	CMI	seq14	60000
150410886651.1.14	CMI	seq14	60000
150410886652.1.14	CMI	seq14	60000
150410886653.1.14	CMI	seq14	60000
150410886654.1.14	CMI	seq14	60000
150410886655.1.14	CMI	seq14	60000
150410886656.1.14	CMI	seq14	60000
150410886657.1.14	CC	seq14	60000
150410886658.1.14	CC	seq14	60000
150410886659.1.14	CC	seq14	60000
150410886660.1.14	CC	seq14	60000
150410886661.1.14	CC	seq14	60000
150410886662.1.14	CC	seq14	60000
150410886663.1.14	CC	seq14	60000
150410886664.1.14	CC	seq14	60000
150410886665.1.14	CC	seq14	60000
150410886666.1.14	CC	seq14	60000
150410886667.1.14	CC	seq14	60000
150410886668.1.14	CC	seq14	60000
150410886669.1.14	CC	seq14	60000
150410886670.1.14	CC	seq14	60000
150410886671.1.14	CC	seq14	60000
150410886672.1.14	CC	seq14	60000
150410886673.1.14	CC	seq14	60000
150410886674.1.14	CC	seq14	60000
150410886675.1.14	CC	seq14	60000
150410886676.1.14	CC	seq14	60000
150410886677.1.14	CC	seq14	60000
150410886678.1.14	CC	seq14	60000
150410886679.1.14	CC	seq14	60000
150410886680.1.14	CC	seq14	60000
150410886681.1.14	CC	seq14	60000
150410886682.1.14	CC	seq14	60000
150410886683.1.14	UTI	seq14	60000
150410886684.1.14	UTI	seq14	60000
150410886685.1.14	UTI	seq14	60000
150410886686.1.14	UTI	seq14	60000
150410886687.1.14	UTI	seq14	60000
150410886688.1.14	UTI	seq14	60000
150410886689.1.14	UTI	seq14	60000
150410886690.1.14	UTI	seq14	60000
150410886691.1.14	UTI	seq14	60000
150410886692.1.14	UTI	seq14	60000
150410886693.1.14	UTI	seq14	60000
150410886694.1.14	UTI	seq14	60000
150410886695.1.14	UTI	seq14	60000
150410886696.1.14	UTI	seq14	60000
150410886697.1.14	UTI	seq14	60000
150410886698.1.14	UTI	seq14	60000
150410886699.1.14	UTI	seq14	60000
150410886700.1.14	UTI	seq14	60000
150410886701.1.14	UTI	seq14	60000
150410886702.1.14	UTI	seq14	60000
150410886703.1.14	UTI	seq14	60000
150410886704.1.14	UTI	seq14	60000
150410886705.1.14	UTI	seq14	60000
150410886706.1.14	UTI	seq14	60000
150410886707.1.14	UTI	seq14	60000
150410886708.1.14	UTI	seq14	60000
150410886709.1.14	UTI	seq14	60000
150410886710.1.14	UTI	seq14	60000
150410886711.1.14	UTI	seq14	60000
150410886712.1.14	UTI	seq14	60000
150410886713.1.14	UTI	seq14	60000
150410886714.1.14	UTI	seq14	60000
150410886715.1.14	UTI	seq14	60000
150410886716.1.14	UTI	seq14	60000
150410886717.1.14	UTI	seq14	60000
150410886718.1.14	UTI	seq14	60000
150410886719.1.14	UTI	seq14	60000
150410886720.1.14	UTI	seq14	60000
150410886721.1.14	UTI	seq14	60000
150410886722.1.14	UTI	seq14	60000
150410886723.1.14	UTI	seq14	60000
150410886724.1.14	UTI	seq14	60000
150410886725.1.14	UTI	seq14	60000
150410886726.1.14	UTI	seq14	60000
150410886727.1.14	UTI	seq14	60000
150410886728.1.14	UTI	seq14	60000
150410886729.1.14	UTI	seq14	60000
150410886730.1.14	UTI	seq14	60000
150410886731.1.14	UTI	seq14	60000
150410886732.1.14	UTI	seq14	60000
150410886733.1.14	UTI	seq14	60000
150410886734.1.14	UTI	seq14	60000
150410886735.1.14	UTI	seq14	60000
150410886736.1.14	UTI	seq14	60000
150410886737.1.14	UTI	seq14	60000
150410886738.1.14	UTI	seq14	60000
150410886739.1.14	UTI	seq14	60000
150410886740.1.14	UTI	seq14	60000
150410886741.1.14	UTI	seq14	60000
150410886742.1.14	UTI	seq14	60000
150410886743.1.14	UTI	seq14	60000
150410886744.1.14	UTI	seq14	60000
150410886745.1.14	UTI	seq14	60000
150410886746.1.14	UTI	seq14	60000
150410886747.1.14	UTI	seq14	60000
150410886748.1.14	UTI	seq14	60000
150410886749.1.14	EMG	seq14	60000
150410886750.1.14	EMG	seq14	60000
150410886751.1.14	EMG	seq14	60000
150410886752.1.14	EMG	seq14	60000
150410886753.1.14	EMG	seq14	60000
150410886754.1.14	EMG	seq14	60000
150410886755.1.14	EMG	seq14	60000
150410886756.1.14	EMG	seq14	60000
150410886757.1.14	EMG	seq14	60000
150410886758.1.14	EMG	seq14	60000
150410886759.1.14	EMG	seq14	60000
150410886760.1.14	EMG	seq14	60000
150410886761.1.14	EMG	seq14	60000
150410886762.1.14	EMG	seq14	60000
150410886763.1.14	EMG	seq14	60000
150410886764.1.14	EMG	seq14	60000
150410886765.1.14	EMG	seq14	60000
150410886766.1.14	EMG	seq14	60000
150410886767.1.14	EMG	seq14	60000
150410886768.1.14	EMG	seq14	60000
150410886769.1.14	EMG	seq14	60000
150410886770.1.14	EMG	seq14	60000
150410886771.1.14	EMG	seq14	60000
150410886772.1.14	EMG	seq14	60000
150410886773.1.14	EMG	seq14	60000
150410886774.1.14	EMG	seq14	60000
150410886775.1.14	EMG	seq14	60000
150410886776.1.14	EMG	seq14	60000
150410886777.1.14	EMG	seq14	60000
150410886778.1.14	EMG	seq14	60000
150410886779.1.14	EMG	seq14	60000
150410886780.1.14	EMG	seq14	60000
150410886781.1.14	EMG	seq14	60000
150410886782.1.14	EMG	seq14	60000
150410886783.1.14	EMG	seq14	60000
150410886784.1.14	EMG	seq14	60000
150410886785.1.14	EMG	seq14	60000
150410886786.1.14	EMG	seq14	60000
150410886787.1.14	EMG	seq14	60000
150410886788.1.14	EMG	seq14	60000
150410886789.1.14	EMG	seq14	60000
